Workbook

Sheet Genera A
A1: Dr.Rafiq Zakaria Campus
A2: Maulana Azad Complex of Hostel
A3: Dr.Rafiq Zakaria Marg, Rauza Bagh, Aurangabad
A4: Individual Register (General Students) for the Academic Year 2025 - 2026 'A' Wing
A5: Sr.No | B5: Name of Student & Mobile | C5: Wing & Room | D5: Class | E5: Date of Joining | F5: Receipt No. | G5: Receipt Date | H5: Regi. Fee | I5: Room Rent | J5: Water & Electricity Charges | K5: Other Activity | L5: Total Fees Collection | M5: Approved Hostel Fees | N5: Outstanding Fee | O5: Remark | P5: Security Deposit
A6: 1 | B6: Uzair Khan Pathan Aslam Khan, at. Shah Inayat Mohalla Gandhipark Parbhani, 9028974366,9890371395 | C6: A-12 | D6: B.Com.I | E6: 27.06.2025 to 27.04.2026 | F6: 6742 | G6: 27.06.2025 | H6: 500 | I6: 11000 | J6: 3000 | L6: =SUM(H6:K6) -> 14500 | M6: 17500 | O6: UPI | P6: 1500
L7: =SUM(H7:K7) -> 0
L8: =SUM(H8:K8) -> 0
L9: =SUM(H9:K9) -> 0
L10: =SUM(H10:K10) -> 0
H11: =SUM(H6:H10) -> 500 | I11: =SUM(I6:I10) -> 11000 | J11: =SUM(J6:J10) -> 3000 | K11: =SUM(K6:K10) -> 0 | L11: =SUM(L6:L10) -> 14500 | N11: =M6-L11 -> 3000 | P11: =SUM(P6:P10) -> 1500
A12: 2 | B12: Shaikh Sajid Shaikh Taslim, at, Dhamangaon Badhe, Dist. Buldhana, 9511606098, 7385131389 | C12: A-01 | D12: B.Sc.I | E12: 08.07.2025 to 09.05.2026 | F12: 6772 | G12: 08.07.2025 | H12: 500 | I12: 14000 | J12: 3000 | L12: =SUM(H12:K12) -> 17500 | M12: 17500 | O12: UPI | P12: 1500
L13: =SUM(H13:K13) -> 0
L14: =SUM(H14:K14) -> 0
L15: =SUM(H15:K15) -> 0
L16: =SUM(H16:K16) -> 0
H17: =SUM(H12:H16) -> 500 | I17: =SUM(I12:I16) -> 14000 | J17: =SUM(J12:J16) -> 3000 | K17: =SUM(K12:K16) -> 0 | L17: =SUM(L12:L16) -> 17500 | N17: =M12-L17 -> 0 | P17: =SUM(P12:P16) -> 1500
A18: =A12+1 -> 3 | B18: Pathan Arman Bismilla Modha Khurd tq. Sillod dist. Aurangabad 8308135883 | C18: A-01 | D18: B.Sc II Year | E18: 02.06.2025 to 03.04.2026 | F18: 6789 | G18: 14.07.2025 | H18: 500 | I18: 4500 | L18: =SUM(H18:K18) -> 5000 | M18: 17500 | O18: Old Student
L19: =SUM(H19:K19) -> 0
L20: =SUM(H20:K20) -> 0
L21: =SUM(H21:K21) -> 0
L22: =SUM(H22:K22) -> 0
H23: =SUM(H18:H22) -> 500 | I23: =SUM(I18:I22) -> 4500 | J23: =SUM(J18:J22) -> 0 | K23: =SUM(K18:K22) -> 0 | L23: =SUM(L18:L22) -> 5000 | N23: =M18-L23 -> 12500 | P23: =SUM(P18:P22) -> 0
A24: =A18+1 -> 4 | B24: Mohammed Saad Javed Ansari, at. Fazalpura, Aurangabad, 9975372664, 9923339333 | C24: A-12 | D24: XI th Sci. | E24: 23.07.2025 to 23.05.2026 | F24: 6825 | G24: 24.07.2025 | H24: 500 | I24: 11000 | J24: 3000 | L24: =SUM(H24:K24) -> 14500 | M24: 17500 | P24: 1500
L25: =SUM(H25:K25) -> 0
L26: =SUM(H26:K26) -> 0
L27: =SUM(H27:K27) -> 0
L28: =SUM(H28:K28) -> 0
H29: =SUM(H24:H28) -> 500 | I29: =SUM(I24:I28) -> 11000 | J29: =SUM(J24:J28) -> 3000 | K29: =SUM(K24:K28) -> 0 | L29: =SUM(L24:L28) -> 14500 | N29: =M24-L29 -> 3000 | P29: =SUM(P24:P28) -> 1500
A30: 5 | B30: Abdul Hakam Siddiqui, at. Plot. No. 6, Dhar Road, Mumtaz Nagar, Parbhani, 9021810132, 9421557406 | C30: A-02 | D30: Evrest B.E. Ist | E30: 17.09.2025 to 17.07.2026 | F30: 6877 | G30: 15.08.2025 | H30: 500 | I30: 14000 | J30: 3000 | L30: =SUM(H30:K30) -> 17500 | M30: 17500 | P30: 1500
L31: =SUM(H31:K31) -> 0
L32: =SUM(H32:K32) -> 0
L33: =SUM(H33:K33) -> 0
L34: =SUM(H34:K34) -> 0
H35: =SUM(H30:H34) -> 500 | I35: =SUM(I30:I34) -> 14000 | J35: =SUM(J30:J34) -> 3000 | K35: =SUM(K30:K34) -> 0 | L35: =SUM(L30:L34) -> 17500 | N35: =M30-L35 -> 0 | P35: =SUM(P30:P34) -> 1500
A36: =A30+1 -> 6 | B36: Pathan Abubakar Kha Gaus Kha, at. Kunjkheda, Kannad, 8830737773,9420812816 | C36: A-16 | D36: B.Sc. Biotech II | E36: 03.05.2025 to 03.03.2026 | F36: 6879 | G36: 18.08.2025 | H36: 500 | I36: 6500 | J36: 3000 | L36: =SUM(H36:K36) -> 10000 | M36: 17500 | O36: Old Student
L37: =SUM(H37:K37) -> 0
L38: =SUM(H38:K38) -> 0
L39: =SUM(H39:K39) -> 0
L40: =SUM(H40:K40) -> 0
H41: =SUM(H36:H40) -> 500 | I41: =SUM(I36:I40) -> 6500 | J41: =SUM(J36:J40) -> 3000 | K41: =SUM(K36:K40) -> 0 | L41: =SUM(L36:L40) -> 10000 | N41: =M36-L41 -> 7500 | P41: =SUM(P36:P40) -> 0
A42: =A36+1 -> 7 | B42: Jahed Jabbar Pathan, at. Lasur Station, Tq. Gangapur,Aurangabad, 8446686786, 9860462043 | C42: A-25 | D42: B.tech. Civil Ist | E42: 19.08.2025 to 19.06.2026 | F42: 6885 | G42: 19.08.2025 | H42: 500 | I42: 14000 | J42: 3000 | L42: =SUM(H42:K42) -> 17500 | M42: 17500 | O42: UPI | P42: 1500
L43: =SUM(H43:K43) -> 0
L44: =SUM(H44:K44) -> 0
L45: =SUM(H45:K45) -> 0
L46: =SUM(H46:K46) -> 0
H47: =SUM(H42:H46) -> 500 | I47: =SUM(I42:I46) -> 14000 | J47: =SUM(J42:J46) -> 3000 | K47: =SUM(K42:K46) -> 0 | L47: =SUM(L42:L46) -> 17500 | N47: =M42-L47 -> 0 | P47: =SUM(P42:P46) -> 1500
A48: =A42+1 -> 8 | B48: Siddiqui Rudar Mubashshir, At .Sneh Nagar, Sillod, 7385287708, 9422717244 | C48: A-35 | D48: BCS-III | E48: 29.06.2025 to 29.04.2026 | F48: 6891 | G48: 22.08.2025 | H48: 500 | I48: 5500 | J48: 3000 | L48: =SUM(H48:K48) -> 9000 | M48: 17500 | O48: Old Student
L49: =SUM(H49:K49) -> 0
L50: =SUM(H50:K50) -> 0
L51: =SUM(H51:K51) -> 0
L52: =SUM(H52:K52) -> 0
H53: =SUM(H48:H52) -> 500 | I53: =SUM(I48:I52) -> 5500 | J53: =SUM(J48:J52) -> 3000 | K53: =SUM(K48:K52) -> 0 | L53: =SUM(L48:L52) -> 9000 | N53: =M48-L53 -> 8500 | P53: =SUM(P48:P52) -> 0
A54: =A48+1 -> 9 | B54: Shaikh Abdul Raheman Mainoddin At. Post Chondi Tq. Mukhed Dist. Nanded, 9923500292 | C54: A-02 | D54: M.Lib | E54: 02.07.2025 to 02.05.2026 | F54: 6916 | G54: 29.08.2025 | H54: 500 | I54: 14000 | J54: 3000 | L54: =SUM(H54:K54) -> 17500 | M54: 17500 | O54: Old Student
L55: =SUM(H55:K55) -> 0
L56: =SUM(H56:K56) -> 0
L57: =SUM(H57:K57) -> 0
L58: =SUM(H58:K58) -> 0
H59: =SUM(H54:H58) -> 500 | I59: =SUM(I54:I58) -> 14000 | J59: =SUM(J54:J58) -> 3000 | K59: =SUM(K54:K58) -> 0 | L59: =SUM(L54:L58) -> 17500 | N59: =M54-L59 -> 0 | P59: =SUM(P54:P58) -> 0
A60: =A54+1 -> 10 | B60: Siddiqui Inamul Haque, At. B72 Yosuf Colony Parbhani, 7841018747,9422179400 | C60: A-04 | D60: B-Tech-II Evrest | E60: 19.07.2025 to 19.05.2026 | F60: 6947 | G60: 11.09.2025 | H60: 500 | I60: 3500 | J60: 3000 | L60: =SUM(H60:K60) -> 7000 | M60: 17500 | O60: Old Student
L61: =SUM(H61:K61) -> 0
L62: =SUM(H62:K62) -> 0
L63: =SUM(H63:K63) -> 0
L64: =SUM(H64:K64) -> 0
H65: =SUM(H60:H64) -> 500 | I65: =SUM(I60:I64) -> 3500 | J65: =SUM(J60:J64) -> 3000 | K65: =SUM(K60:K64) -> 0 | L65: =SUM(L60:L64) -> 7000 | N65: =M60-L65 -> 10500 | P65: =SUM(P60:P64) -> 0
A66: =A60+1 -> 11 | B66: Mohammed Samee Mohammed Rafique, At. Tipu Sultan Road Bhai galli, Parbhani, 7757092770, 9860049867 | C66: A-04 | D66: BCA-II | E66: 17.09.2025 to 17.097.2026 | F66: 9667 | G66: 01.10.2025 | H66: 500 | I66: 4500 | J66: 3000 | L66: =SUM(H66:K66) -> 8000 | M66: 17500
L67: =SUM(H67:K67) -> 0
L68: =SUM(H68:K68) -> 0
L69: =SUM(H69:K69) -> 0
L70: =SUM(H70:K70) -> 0
H71: =SUM(H66:H70) -> 500 | I71: =SUM(I66:I70) -> 4500 | J71: =SUM(J66:J70) -> 3000 | K71: =SUM(K66:K70) -> 0 | L71: =SUM(L66:L70) -> 8000 | N71: =M66-L71 -> 9500 | P71: =SUM(P66:P70) -> 0
A72: =A66+1 -> 12 | B72: Mohammed Faizan Abdul Wajed, at Madina Bakery Yousuf Colony, Parbhani, 7028922084,9421385786 | C72: A-31 | D72: B.tech. Civil Ist | E72: 18.10.2025 to 18.08.2026 | F72: 7028 | G72: 17.10.2025 | H72: 500 | I72: 5000 | J72: 3000 | L72: =SUM(H72:K72) -> 8500 | M72: 17500 | P72: 1500
L73: =SUM(H73:K73) -> 0
L74: =SUM(H74:K74) -> 0
L75: =SUM(H75:K75) -> 0
L76: =SUM(H76:K76) -> 0
H77: =SUM(H72:H76) -> 500 | I77: =SUM(I72:I76) -> 5000 | J77: =SUM(J72:J76) -> 3000 | K77: =SUM(K72:K76) -> 0 | L77: =SUM(L72:L76) -> 8500 | N77: =M72-L77 -> 9000 | P77: =SUM(P72:P76) -> 1500
A78: =A72+1 -> 13 | B78: Mohammed Shakeeb Mohammed Sharfuddin, at Yousuf Colony. Parbhani, 9172976015, 7447661606 | C78: A-31 | D78: B.tech. Civil Iind | E78: 18.10.2025 to 18.08.2026 | F78: 7029 | G78: 18.10.2025 | H78: 500 | I78: 14000 | J78: 3000 | L78: =SUM(H78:K78) -> 17500 | M78: 17500 | P78: 1500
L79: =SUM(H79:K79) -> 0
L80: =SUM(H80:K80) -> 0
L81: =SUM(H81:K81) -> 0
L82: =SUM(H82:K82) -> 0
H83: =SUM(H78:H82) -> 500 | I83: =SUM(I78:I82) -> 14000 | J83: =SUM(J78:J82) -> 3000 | K83: =SUM(K78:K82) -> 0 | L83: =SUM(L78:L82) -> 17500 | N83: =M78-L83 -> 0 | P83: =SUM(P78:P82) -> 1500
A84: 14 | L84: =SUM(H84:K84) -> 0
L85: =SUM(H85:K85) -> 0
L86: =SUM(H86:K86) -> 0
L87: =SUM(H87:K87) -> 0
L88: =SUM(H88:K88) -> 0
H89: =SUM(H84:H88) -> 0 | I89: =SUM(I84:I88) -> 0 | J89: =SUM(J84:J88) -> 0 | K89: =SUM(K84:K88) -> 0 | L89: =SUM(L84:L88) -> 0 | N89: =M84-L89 -> 0 | P89: =SUM(P84:P88) -> 0
A90: =A84+1 -> 15 | L90: =SUM(H90:K90) -> 0
L91: =SUM(H91:K91) -> 0
L92: =SUM(H92:K92) -> 0
L93: =SUM(H93:K93) -> 0
L94: =SUM(H94:K94) -> 0
H95: =SUM(H90:H94) -> 0 | I95: =SUM(I90:I94) -> 0 | J95: =SUM(J90:J94) -> 0 | K95: =SUM(K90:K94) -> 0 | L95: =SUM(L90:L94) -> 0 | N95: =M90-L95 -> 0 | P95: =SUM(P90:P94) -> 0
A96: =A90+1 -> 16 | L96: =SUM(H96:K96) -> 0
L97: =SUM(H97:K97) -> 0
L98: =SUM(H98:K98) -> 0
L99: =SUM(H99:K99) -> 0
L100: =SUM(H100:K100) -> 0
...

Sheet Individual Register 2025-2026
A1: Dr.Rafiq Zakaria Campus
A2: Maulana Azad Complex of Hostel
A3: Dr.Rafiq Zakaria Marg, Rauza Bagh, Aurangabad
A4: Individual Register (General Students) for the Academic Year 2025 - 2026 'B' Wing
A5: Sr.No | B5: Name of Student & Mobile | C5: Wing & Room | D5: Class | E5: Date of Joining | F5: Receipt No. | G5: Receipt Date | H5: Regi. Fee | I5: Room Rent | J5: Water & Electricity Charges | K5: Other Activity | L5: Total Fees Collection | M5: Approved Hostel Fees | N5: Outstanding Fee | O5: Remark | P5: Security Deposit
A6: 1 | B6: Umershahkhan Jaber Shahkhan, at. Dhawda Tq.Bhokardan, Jalna, 8888546467, 9860656367 | C6: B-07 | D6: Govt. Medical College A.bad. Lab.Tech.I | E6: 01.05.2025 to 01.03.2026 | F6: 6712 | G6: 06.05.2025 | H6: 500 | I6: 4500 | L6: =SUM(H6:K6) -> 5000 | M6: 14500 | O6: Old Student
F7: 6962 | G7: 16.09.2025 | I7: 2000 | J7: 3000 | L7: =SUM(H7:K7) -> 5000
L8: =SUM(H8:K8) -> 0
L9: =SUM(H9:K9) -> 0
L10: =SUM(H10:K10) -> 0
H11: =SUM(H6:H10) -> 500 | I11: =SUM(I6:I10) -> 6500 | J11: =SUM(J6:J10) -> 3000 | K11: =SUM(K6:K10) -> 0 | L11: =SUM(L6:L10) -> 10000 | N11: =M6-L11 -> 4500 | P11: =SUM(P6:P10) -> 0
A12: =A6+1 -> 2 | B12: Mohammad Zabihullah Mohammad Hashmatullah Mansoori, Nalasupara west Mumbai, 9209899478, 9819256114 | C12: C-31 | D12: XII Sci. | E12: 03.05.2025 to 03.03.2026 | F12: 6682 | G12: 19.05.2025 | H12: 500 | I12: 4000 | J12: 3000 | L12: =SUM(H12:K12) -> 7500 | M12: 14500 | O12: UPI
F13: 6888 | G13: 20.08.2025 | I13: 3000 | L13: =SUM(H13:K13) -> 3000 | O13: Old Student
L14: =SUM(H14:K14) -> 0
L15: =SUM(H15:K15) -> 0
L16: =SUM(H16:K16) -> 0
H17: =SUM(H12:H16) -> 500 | I17: =SUM(I12:I16) -> 7000 | J17: =SUM(J12:J16) -> 3000 | K17: =SUM(K12:K16) -> 0 | L17: =SUM(L12:L16) -> 10500 | N17: =M12-L17 -> 4000 | P17: =SUM(P12:P16) -> 0
A18: =A12+1 -> 3 | B18: Atif Iqbal Mansuri, at chawl No. 01 kalyan Est, 9076510254, 9819476994 | C18: C-22 | D18: B.Com.I | E18: 23.06.2025 to 23.04.2026 | F18: 6700 | G18: 23.06.2025 | H18: 500 | I18: 2000 | J18: 3000 | L18: =SUM(H18:K18) -> 5500 | M18: 14500 | P18: 1500
F19: 6771 | G19: 07.07.2025 | I19: 4000 | L19: =SUM(H19:K19) -> 4000
F20: 6821 | G20: 23.07.2025 | I20: 5000 | L20: =SUM(H20:K20) -> 5000
L21: =SUM(H21:K21) -> 0
L22: =SUM(H22:K22) -> 0
H23: =SUM(H18:H22) -> 500 | I23: =SUM(I18:I22) -> 11000 | J23: =SUM(J18:J22) -> 3000 | K23: =SUM(K18:K22) -> 0 | L23: =SUM(L18:L22) -> 14500 | N23: =M18-L23 -> 0 | P23: =SUM(P18:P22) -> 1500
A24: =A18+1 -> 4 | B24: Mohammad Farhan Ahemad,Abdul Razzaque, at Arman Colony, eulgaon Raja, Dist. Buldhana, 9405778487,9595187487 | C24: C-30 | D24: XIIth Sci. | E24: 08.05.2025 to 08.03.2026 | F24: 6698 | G24: 20.06.2025 | H24: 500 | I24: 3500 | L24: =SUM(H24:K24) -> 4000 | M24: 14500 | O24: Old Student
F25: 9823 | G25: 23.07.2025 | I25: 2000 | J25: 3000 | L25: =SUM(H25:K25) -> 5000
F26: 6977 | G26: 21.09.2025 | I26: 5500 | L26: =SUM(H26:K26) -> 5500
L27: =SUM(H27:K27) -> 0
L28: =SUM(H28:K28) -> 0
H29: =SUM(H24:H28) -> 500 | I29: =SUM(I24:I28) -> 11000 | J29: =SUM(J24:J28) -> 3000 | K29: =SUM(K24:K28) -> 0 | L29: =SUM(L24:L28) -> 14500 | N29: =M24-L29 -> 0 | P29: =SUM(P24:P28) -> 0
A30: =A24+1 -> 5 | B30: Shaikh Khizar Ali, at Sher ali chowk, Buldhana, 9923504849 | C30: B-06 | D30: Xith Sci. | E30: 05.07.2025 to 05.05.2026 | F30: 6695 | G30: 14.06.2025 | H30: 500 | I30: 3000 | L30: =SUM(H30:K30) -> 3500 | M30: 14500 | P30: 1500
F31: 6992 | G31: 26.09.2025 | I31: 2000 | J31: 3000 | L31: =SUM(H31:K31) -> 5000
L32: =SUM(H32:K32) -> 0
L33: =SUM(H33:K33) -> 0
L34: =SUM(H34:K34) -> 0
H35: =SUM(H30:H34) -> 500 | I35: =SUM(I30:I34) -> 5000 | J35: =SUM(J30:J34) -> 3000 | K35: =SUM(K30:K34) -> 0 | L35: =SUM(L30:L34) -> 8500 | N35: =M30-L35 -> 6000 | P35: =SUM(P30:P34) -> 1500
A36: =A30+1 -> 6 | B36: Shaikh Mudassir Jameel, at. Teachers Colony Paratwada, Achalpur, 7666635832, 9552871992 | C36: C-32 | D36: Neet Class | E36: 09.06.2025 to 09.04.2026 | F36: 6692 | G36: 09.06.2025 | H36: 500 | I36: 3000 | J36: 3000 | L36: =SUM(H36:K36) -> 6500 | M36: 14500 | O36: UPI | P36: 1500
L37: =SUM(H37:K37) -> 0
L38: =SUM(H38:K38) -> 0
L39: =SUM(H39:K39) -> 0
L40: =SUM(H40:K40) -> 0
H41: =SUM(H36:H40) -> 500 | I41: =SUM(I36:I40) -> 3000 | J41: =SUM(J36:J40) -> 3000 | K41: =SUM(K36:K40) -> 0 | L41: =SUM(L36:L40) -> 6500 | N41: =M36-L41 -> 8000 | P41: =SUM(P36:P40) -> 1500
A42: =A36+1 -> 7 | B42: Ansari Uzair Abdullah Masood Akhtar, at.yusuf Colony Old Jalna, 9271594945, 9021313560 | C42: B-01 | D42: XII sci | E42: 29.04.2025 to 29.02.2026 | F42: 6751 | G42: 01.07.2025 | H42: 500 | I42: 11000 | J42: 3000 | L42: =SUM(H42:K42) -> 14500 | M42: 14500 | O42: Old Student
L43: =SUM(H43:K43) -> 0
L44: =SUM(H44:K44) -> 0
L45: =SUM(H45:K45) -> 0
L46: =SUM(H46:K46) -> 0
H47: =SUM(H42:H46) -> 500 | I47: =SUM(I42:I46) -> 11000 | J47: =SUM(J42:J46) -> 3000 | K47: =SUM(K42:K46) -> 0 | L47: =SUM(L42:L46) -> 14500 | N47: =M42-L47 -> 0 | P47: =SUM(P42:P46) -> 0
A48: 8 | B48: Shaikh Ayan Saeed, at.Meera BK Tq. Chikhali Dist. Buldhana, 9822356244,9225305520 | C48: B-07 | D48: XI sci | E48: 28.04.2025 to 28.02.2026 | F48: 6739 | G48: 23.06.2025 | H48: 500 | I48: 2000 | J48: 3000 | L48: =SUM(H48:K48) -> 5500 | M48: 14500 | O48: Old Student
F49: 7016 | G49: 09.10.2025 | I49: 4500 | L49: =SUM(H49:K49) -> 4500
L50: =SUM(H50:K50) -> 0
L51: =SUM(H51:K51) -> 0
L52: =SUM(H52:K52) -> 0
H53: =SUM(H48:H52) -> 500 | I53: =SUM(I48:I52) -> 6500 | J53: =SUM(J48:J52) -> 3000 | K53: =SUM(K48:K52) -> 0 | L53: =SUM(L48:L52) -> 10000 | N53: =M48-L53 -> 4500 | P53: =SUM(P48:P52) -> 0
A54: =A48+1 -> 9 | B54: Mohammad Sami Shaikh Kaleem, at Zamzam Nagar Dhad Dist. B=Buldhana, 9975948383 | C54: C-35 | D54: Neet Class | E54: 18.06.2025 to 18.04.2026 | F54: 6734 | G54: 19.06.2025 | H54: 500 | I54: 3000 | L54: =SUM(H54:K54) -> 3500 | M54: 14500 | P54: 1500
F55: 6951 | G55: 12.09.2025 | I55: 8000 | J55: 3000 | L55: =SUM(H55:K55) -> 11000
L56: =SUM(H56:K56) -> 0
L57: =SUM(H57:K57) -> 0
L58: =SUM(H58:K58) -> 0
H59: =SUM(H54:H58) -> 500 | I59: =SUM(I54:I58) -> 11000 | J59: =SUM(J54:J58) -> 3000 | K59: =SUM(K54:K58) -> 0 | L59: =SUM(L54:L58) -> 14500 | N59: =M54-L59 -> 0 | P59: =SUM(P54:P58) -> 1500
A60: =A54+1 -> 10 | B60: Shaikh Mohammad Kais, at. Taun Holl Jalna, 9370995005, 7822090934 | C60: C-32 | D60: Neet Class | E60: 16.06.2025 to 16.0.2026 | F60: 6733 | G60: 16.06.2025 | H60: 500 | I60: 1500 | J60: 3000 | L60: =SUM(H60:K60) -> 5000 | M60: 5000 | O60: Vacated on | P60: 1500
L61: =SUM(H61:K61) -> 0 | O61: 11.11.2025
L62: =SUM(H62:K62) -> 0 | O62: 05 month
L63: =SUM(H63:K63) -> 0
L64: =SUM(H64:K64) -> 0
H65: =SUM(H60:H64) -> 500 | I65: =SUM(I60:I64) -> 1500 | J65: =SUM(J60:J64) -> 3000 | K65: =SUM(K60:K64) -> 0 | L65: =SUM(L60:L64) -> 5000 | N65: =M60-L65 -> 0 | P65: =SUM(P60:P64) -> 1500
A66: 11 | B66: Shaikh Asim Wasim, at Shirala post. Kekatpangri. Tq. Geurai, 9011641266, 9561468586 | C66: C-17 | D66: B.C.S. I | E66: 05.07.2025 to 05.05.2026 | F66: 6766 | G66: 05.07.2025 | H66: 500 | I66: 3000 | J66: 3000 | L66: =SUM(H66:K66) -> 6500 | M66: 14500 | O66: UPI | P66: 1500
L67: =SUM(H67:K67) -> 0
L68: =SUM(H68:K68) -> 0
L69: =SUM(H69:K69) -> 0
L70: =SUM(H70:K70) -> 0
H71: =SUM(H66:H70) -> 500 | I71: =SUM(I66:I70) -> 3000 | J71: =SUM(J66:J70) -> 3000 | K71: =SUM(K66:K70) -> 0 | L71: =SUM(L66:L70) -> 6500 | N71: =M66-L71 -> 8000 | P71: =SUM(P66:P70) -> 1500
A72: =A66+1 -> 12 | B72: Aabu Jilani Pathan, At Jambhai Tq. Sillod, Aurangabad, 8600332868, 9623407569 | C72: C-21 | D72: B.A.I | E72: 02.06.2025 to 02.04.2025 | F72: 6762 | G72: 05.07.2025 | H72: 500 | I72: 3500 | J72: 3000 | L72: =SUM(H72:K72) -> 7000 | M72: 14500 | O72: Old Student
L73: =SUM(H73:K73) -> 0
L74: =SUM(H74:K74) -> 0
L75: =SUM(H75:K75) -> 0
L76: =SUM(H76:K76) -> 0
H77: =SUM(H72:H76) -> 500 | I77: =SUM(I72:I76) -> 3500 | J77: =SUM(J72:J76) -> 3000 | K77: =SUM(K72:K76) -> 0 | L77: =SUM(L72:L76) -> 7000 | N77: =M72-L77 -> 7500 | P77: =SUM(P72:P76) -> 0
A78: =A72+1 -> 13 | B78: Pathan Salman Julani, at. Jambhai Tq. Sillod, 8380028681, 8600332868 | C78: C-21 | D78: Xith Arts | E78: 05.07.2025 to 05.05.2026 | F78: 6763 | G78: 05.07.2025 | H78: 500 | I78: 3000 | J78: 3000 | L78: =SUM(H78:K78) -> 6500 | M78: 14500 | P78: 1500
L79: =SUM(H79:K79) -> 0
L80: =SUM(H80:K80) -> 0
L81: =SUM(H81:K81) -> 0
L82: =SUM(H82:K82) -> 0
H83: =SUM(H78:H82) -> 500 | I83: =SUM(I78:I82) -> 3000 | J83: =SUM(J78:J82) -> 3000 | K83: =SUM(K78:K82) -> 0 | L83: =SUM(L78:L82) -> 6500 | N83: =M78-L83 -> 8000 | P83: =SUM(P78:P82) -> 1500
A84: =A78+1 -> 14 | B84: Bagwan Usaid Yakub, at. Betawad Tal. Sindkheda, Dist. Dhule, 7878741818,9822337735, | C84: B-04 | D84: XII Comm | E84: 15.04.2025 to 15.02.2026 | F84: 6768 | G84: 06.07.2025 | H84: 500 | I84: 6500 | J84: 3000 | L84: =SUM(H84:K84) -> 10000 | M84: 14500 | O84: Old Student
F85: 6779 | G85: 10.07.2025 | I85: 4500 | L85: =SUM(H85:K85) -> 4500
L86: =SUM(H86:K86) -> 0
L87: =SUM(H87:K87) -> 0
L88: =SUM(H88:K88) -> 0
H89: =SUM(H84:H88) -> 500 | I89: =SUM(I84:I88) -> 11000 | J89: =SUM(J84:J88) -> 3000 | K89: =SUM(K84:K88) -> 0 | L89: =SUM(L84:L88) -> 14500 | N89: =M84-L89 -> 0 | P89: =SUM(P84:P88) -> 0
A90: =A84+1 -> 15 | B90: Mohammad Hassan Ziaul Hassan Khan, at 347, Shivangi Nagar, Pilkhuwa, Hapur, U.P. | C90: C-31 | D90: B.Sc. Bio-tech -I | E90: 06.07.2025 to 06.05.2026 | F90: 6769 | G90: 06.05.2025 | H90: 500 | I90: 5000 | J90: 3000 | L90: =SUM(H90:K90) -> 8500 | M90: 14500 | O90: UPI | P90: 1500
F91: 6927 | G91: 08.09.2025 | I91: 6000 | L91: =SUM(H91:K91) -> 6000
L92: =SUM(H92:K92) -> 0
L93: =SUM(H93:K93) -> 0
L94: =SUM(H94:K94) -> 0
H95: =SUM(H90:H94) -> 500 | I95: =SUM(I90:I94) -> 11000 | J95: =SUM(J90:J94) -> 3000 | K95: =SUM(K90:K94) -> 0 | L95: =SUM(L90:L94) -> 14500 | N95: =M90-L95 -> 0 | P95: =SUM(P90:P94) -> 1500
A96: =A90+1 -> 16 | B96: Shaikh Ayan Shaikh Mukim, at. sanjay Nagar, Deulgaon Raja, Dist. Buldhana, 9373217314, 9595287487 | C96: C-30 | D96: XIIth Sci. | E96: 09.05.2025 to 09.03.2026 | F96: 6770 | G96: 07.07.2025 | H96: 500 | I96: 6500 | J96: 3000 | L96: =SUM(H96:K96) -> 10000 | M96: 14500 | O96: Old Student
L97: =SUM(H97:K97) -> 0 | O97: UPI
L98: =SUM(H98:K98) -> 0
L99: =SUM(H99:K99) -> 0
L100: =SUM(H100:K100) -> 0
...

Sheet D.Pharm  (A)
A1: Dr.Rafiq Zakaria Campus
A2: Maulana Azad Complex of Hostel
A3: Dr.Rafiq Zakaria Marg, Rauza Bagh, Aurangabad
A4: Individual Register (D.Pharm) for the Academic Year 2025 - 2026 'A' Wing
A5: Sr.No | B5: Name of Student & Mobile | C5: Wing & Room | D5: Class | E5: Date of Joining | F5: Receipt No. | G5: Receipt Date | H5: Regi. Fee | I5: Room Rent | J5: Water & Electricity Charges | K5: Other Activity | L5: Total Fees Collection | M5: Approved Hostel Fees | N5: Outstanding Fee | O5: Remark | P5: Security Deposit
A6: 1 | L6: =SUM(H6:K6) -> 0
L7: =SUM(H7:K7) -> 0
L8: =SUM(H8:K8) -> 0
L9: =SUM(H9:K9) -> 0
L10: =SUM(H10:K10) -> 0
H11: =SUM(H6:H10) -> 0 | I11: =SUM(I6:I10) -> 0 | J11: =SUM(J6:J10) -> 0 | K11: =SUM(K6:K10) -> 0 | L11: =SUM(L6:L10) -> 0 | N11: =M6-L11 -> 0
A12: 2 | L12: =SUM(H12:K12) -> 0
L13: =SUM(H13:K13) -> 0
L14: =SUM(H14:K14) -> 0
L15: =SUM(H15:K15) -> 0
L16: =SUM(H16:K16) -> 0
F17: Total | H17: =SUM(H12:H16) -> 0 | I17: =SUM(I12:I16) -> 0 | J17: =SUM(J12:J16) -> 0 | K17: =SUM(K12:K16) -> 0 | L17: =SUM(L12:L16) -> 0 | N17: =M12-L17 -> 0 | O17: UTR | P17: =SUM(P12:P16) -> 0
A18: Total Fees Collection | H18: =+H11+H17 -> 0 | I18: =+I11+I17 -> 0 | J18: =+J11+J17 -> 0 | K18: =+K11+K17 -> 0 | L18: =+L11+L17 -> 0 | M18: =+M6+M12 -> 0 | N18: =+N11+N17 -> 0 | P18: =+P11+P17 -> 0

Sheet D.Pharm (B)
A1: Dr.Rafiq Zakaria Campus
A2: Maulana Azad Complex of Hostel
A3: Dr.Rafiq Zakaria Marg, Rauza Bagh, Aurangabad
A4: Individual Register (D.Pharm) for the Academic Year 2025 - 2026 'B' Wing
A5: Sr.No | B5: Name of Student & Mobile | C5: Wing & Room | D5: Class | E5: Date of Joining | F5: Receipt No. | G5: Receipt Date | H5: Regi. Fee | I5: Room Rent | J5: Water & Electricity Charges | K5: Other Activity | L5: Total Fees Collection | M5: Approved Hostel Fees | N5: Outstanding Fee | O5: Remark | P5: Security Deposit
A6: 1 | B6: Onkar Haribhau More, at. Bagpimpalgao, Dist. Beed, 8080398092, 8999448434 | C6: C-10 | D6: D.Pharm II | E6: 30.06.20225 to 30.04.2026 | F6: 6747 | G6: 30.06.2025 | H6: 500 | I6: 3000 | J6: 3000 | L6: =SUM(H6:K6) -> 6500 | M6: 14500 | O6: UPI | P6: 1500
L7: =SUM(H7:K7) -> 0
L8: =SUM(H8:K8) -> 0
L9: =SUM(H9:K9) -> 0
L10: =SUM(H10:K10) -> 0
H11: =SUM(H6:H10) -> 500 | I11: =SUM(I6:I10) -> 3000 | J11: =SUM(J6:J10) -> 3000 | K11: =SUM(K6:K10) -> 0 | L11: =SUM(L6:L10) -> 6500 | N11: =M6-L11 -> 8000 | P11: =SUM(P6:P10) -> 1500
A12: 2 | B12: Kunal Subhash Pardhe, at Shahagad, Jalna, 9420923209,9637579606 | C12: C-10 | D12: D.Pharm II | E12: 30.06.20225 to 30.04.2026 | F12: 6746 | G12: 30.06.2025 | H12: 500 | I12: 11000 | J12: 3000 | L12: =SUM(H12:K12) -> 14500 | M12: 14500 | O12: UPI | P12: 1500
L13: =SUM(H13:K13) -> 0
L14: =SUM(H14:K14) -> 0
L15: =SUM(H15:K15) -> 0
L16: =SUM(H16:K16) -> 0
H17: =SUM(H12:H16) -> 500 | I17: =SUM(I12:I16) -> 11000 | J17: =SUM(J12:J16) -> 3000 | K17: =SUM(K12:K16) -> 0 | L17: =SUM(L12:L16) -> 14500 | N17: =M12-L17 -> 0 | P17: =SUM(P12:P16) -> 1500
A18: 3 | B18: Sayyed Rehan Ali Sayyed Riyaz Ali, At.Amardas Nagar, Risod, Dist,Washim, 9850272281,7057177353 | C18: D-01 | D18: D.Pharm II | E18: 19.07.2025 to 19.05.2026 | F18: 6942 | G18: 11.09.2025 | H18: 500 | I18: 4500 | J18: 3000 | L18: =SUM(H18:K18) -> 8000 | M18: 14500 | O18: Old Student
L19: =SUM(H19:K19) -> 0
L20: =SUM(H20:K20) -> 0
L21: =SUM(H21:K21) -> 0
L22: =SUM(H22:K22) -> 0
H23: =SUM(H18:H22) -> 500 | I23: =SUM(I18:I22) -> 4500 | J23: =SUM(J18:J22) -> 3000 | K23: =SUM(K18:K22) -> 0 | L23: =SUM(L18:L22) -> 8000 | N23: =M18-L23 -> 6500 | P23: =SUM(P18:P22) -> 0
A24: 4 | B24: Sayyed Farhan Sayyed Bhshir, At. Undangaon, Tq. Sillod.Dist. Aurangabad., 9579398103, 9921389617 | C24: C-10 | D24: D-Pharm II | E24: 17.09.2025 to 17.07.2026 | F24: 6976 | G24: 20.09.2025 | H24: 500 | I24: 4500 | J24: 3000 | L24: =SUM(H24:K24) -> 8000 | M24: 14500 | O24: Old Student
L25: =SUM(H25:K25) -> 0
L26: =SUM(H26:K26) -> 0
L27: =SUM(H27:K27) -> 0
L28: =SUM(H28:K28) -> 0
H29: =SUM(H24:H28) -> 500 | I29: =SUM(I24:I28) -> 4500 | J29: =SUM(J24:J28) -> 3000 | K29: =SUM(K24:K28) -> 0 | L29: =SUM(L24:L28) -> 8000 | N29: =M24-L29 -> 6500 | P29: =SUM(P24:P28) -> 0
A30: 5 | B30: Arshad Khan Babar Khan, at. Shersawar Nagar Old Jalna, 9579959524,9860414784 | C30: C-10 | D30: D-Pharm II | E30: 12.10.2025 to 12.08.2025 | F30: 7081 | G30: 13.11.2025 | H30: 500 | I30: 4500 | J30: 3000 | L30: =SUM(H30:K30) -> 8000 | M30: 14500 | O30: Old Student
L31: =SUM(H31:K31) -> 0
L32: =SUM(H32:K32) -> 0
L33: =SUM(H33:K33) -> 0
L34: =SUM(H34:K34) -> 0
H35: =SUM(H30:H34) -> 500 | I35: =SUM(I30:I34) -> 4500 | J35: =SUM(J30:J34) -> 3000 | K35: =SUM(K30:K34) -> 0 | L35: =SUM(L30:L34) -> 8000 | N35: =M30-L35 -> 6500 | P35: =SUM(P30:P34) -> 0
L36: =SUM(H36:K36) -> 0
L37: =SUM(H37:K37) -> 0
L38: =SUM(H38:K38) -> 0
L39: =SUM(H39:K39) -> 0
L40: =SUM(H40:K40) -> 0
H41: =SUM(H36:H40) -> 0 | I41: =SUM(I36:I40) -> 0 | J41: =SUM(J36:J40) -> 0 | K41: =SUM(K36:K40) -> 0 | L41: =SUM(L36:L40) -> 0 | N41: =M36-L41 -> 0
L42: =SUM(H42:K42) -> 0
L43: =SUM(H43:K43) -> 0
L44: =SUM(H44:K44) -> 0
L45: =SUM(H45:K45) -> 0
L46: =SUM(H46:K46) -> 0
H47: =SUM(H42:H46) -> 0 | I47: =SUM(I42:I46) -> 0 | J47: =SUM(J42:J46) -> 0 | K47: =SUM(K42:K46) -> 0 | L47: =SUM(L42:L46) -> 0 | N47: =M42-L47 -> 0
L48: =SUM(H48:K48) -> 0
L49: =SUM(H49:K49) -> 0
L50: =SUM(H50:K50) -> 0
L51: =SUM(H51:K51) -> 0
L52: =SUM(H52:K52) -> 0
H53: =SUM(H48:H52) -> 0 | I53: =SUM(I48:I52) -> 0 | J53: =SUM(J48:J52) -> 0 | K53: =SUM(K48:K52) -> 0 | L53: =SUM(L48:L52) -> 0 | N53: =M48-L53 -> 0
A54: Total Fees Collection | H54: =+H35+H29+H23+H17+H11+H41+H47+H53 -> 2500 | I54: =+I35+I29+I23+I17+I11+I41+I47+I53 -> 27500 | J54: =+J35+J29+J23+J17+J11+J41+J47+J53 -> 15000 | K54: =+K35+K29+K23+K17+K11+K41+K47+K53 -> 0 | L54: =+L35+L29+L23+L17+L11+L41+L47+L53 -> 45000 | M54: =+M42+M36+M30+M24+M18+M12+M6+M48 -> 72500 | N54: =+N35+N29+N23+N17+N11+N41+N47+N53 -> 27500 | P54: =+P35+P29+P23+P17+P11+P41+P47+P53 -> 3000
C57: B | D57: 0
C58: C | D58: 0
C59: D | D59: 0

Sheet B.Pharm I
A1: Dr.Rafiq Zakaria Campus
A2: Maulana Azad Complex of Hostel
A3: Dr.Rafiq Zakaria Marg, Rauza Bagh, Aurangabad
A4: Individual Register (B.Pharm Ist Year) for the Academic Year 2025 - 2026 'A' Wing
A5: Sr.No | B5: Name of Student & Mobile | C5: Wing & Room | D5: Class | E5: Date of Joining | F5: Receipt No. | G5: Receipt Date | H5: Regi. Fee | I5: Room Rent | J5: Water & Electricity Charges | K5: Other Activity | L5: Total Fees Collection | M5: Approved Hostel Fees | N5: Outstanding Fee | O5: Remark | P5: Security Deposit
A6: 1 | B6: Shoeb Akhtar Khuda Rahim Khan, at. Gulmohar Colony, balur road Selu, Parbhani, 9022221995, 8888151808 | D6: B.Pharm-I | F6: 7019 | G6: 10.10.2025 | H6: 500 | I6: 5000 | J6: 3000 | L6: =SUM(H6:K6) -> 8500 | M6: 17500 | P6: 1500
L7: =SUM(H7:K7) -> 0
L8: =SUM(H8:K8) -> 0
L9: =SUM(H9:K9) -> 0
L10: =SUM(H10:K10) -> 0
H11: =SUM(H6:H10) -> 500 | I11: =SUM(I6:I10) -> 5000 | J11: =SUM(J6:J10) -> 3000 | K11: =SUM(K6:K10) -> 0 | L11: =SUM(L6:L10) -> 8500 | N11: =M6-L11 -> 9000 | P11: =SUM(P6:P10) -> 1500
A12: 2 | B12: Mujammilkhan Akramkhan Pathan, at. Pirsavangi, Badnapur, Jalna, 8378050907, 9595959656 | C12: A- | D12: B.Pharm-I | F12: 7033 | G12: 31.10.2025 | H12: 500 | I12: 5000 | J12: 3000 | L12: =SUM(H12:K12) -> 8500 | M12: 17500 | P12: 1500
L13: =SUM(H13:K13) -> 0
L14: =SUM(H14:K14) -> 0
L15: =SUM(H15:K15) -> 0
L16: =SUM(H16:K16) -> 0
H17: =SUM(H12:H16) -> 500 | I17: =SUM(I12:I16) -> 5000 | J17: =SUM(J12:J16) -> 3000 | K17: =SUM(K12:K16) -> 0 | L17: =SUM(L12:L16) -> 8500 | N17: =M12-L17 -> 9000 | P17: =SUM(P12:P16) -> 1500
A18: 3 | B18: Nahid Javed Shaikh, at. Lasur Station, Tq. Gangapur, 7821852482, 9923011030 | C18: A-28 | D18: B.Pharm-I | E18: 06.11.2025 to 06.09.2026 | F18: 7044 | G18: 06.11.2025 | H18: 500 | I18: 14000 | J18: 3000 | L18: =SUM(H18:K18) -> 17500 | M18: 17500 | P18: 1500
L19: =SUM(H19:K19) -> 0
L20: =SUM(H20:K20) -> 0
L21: =SUM(H21:K21) -> 0
L22: =SUM(H22:K22) -> 0
H23: =SUM(H18:H22) -> 500 | I23: =SUM(I18:I22) -> 14000 | J23: =SUM(J18:J22) -> 3000 | K23: =SUM(K18:K22) -> 0 | L23: =SUM(L18:L22) -> 17500 | N23: =M18-L23 -> 0 | P23: =SUM(P18:P22) -> 1500
A24: 4 | B24: Rohit Ramesh Adhav, at. Sanmitra Colony, Partur, 9309789724, 7875427754 | C24: A-15 | D24: B.Pharm-I | F24: 7052 | G24: 08.11.2025 | H24: 500 | I24: 5000 | J24: 3000 | L24: =SUM(H24:K24) -> 8500 | M24: 17500 | P24: 1500
L25: =SUM(H25:K25) -> 0
L26: =SUM(H26:K26) -> 0
L27: =SUM(H27:K27) -> 0
L28: =SUM(H28:K28) -> 0
H29: =SUM(H24:H28) -> 500 | I29: =SUM(I24:I28) -> 5000 | J29: =SUM(J24:J28) -> 3000 | K29: =SUM(K24:K28) -> 0 | L29: =SUM(L24:L28) -> 8500 | N29: =M24-L29 -> 9000 | P29: =SUM(P24:P28) -> 1500
A30: 5 | B30: krushna Shantaram Sapkal, at. Near Jama Masjid, Telepura Deulghat, Buldhana, 9860284403 | D30: B.Pharm-I | F30: 7053 | G30: 08.11.2025 | H30: 500 | I30: 3000 | L30: =SUM(H30:K30) -> 3500 | M30: 17500 | P30: 1500
L31: =SUM(H31:K31) -> 0
L32: =SUM(H32:K32) -> 0
L33: =SUM(H33:K33) -> 0
L34: =SUM(H34:K34) -> 0
H35: =SUM(H30:H34) -> 500 | I35: =SUM(I30:I34) -> 3000 | J35: =SUM(J30:J34) -> 0 | K35: =SUM(K30:K34) -> 0 | L35: =SUM(L30:L34) -> 3500 | N35: =M30-L35 -> 14000 | P35: =SUM(P30:P34) -> 1500
A36: 6 | B36: Pathan Asef Abed, at. Manzari Haveli, Beed, 8783237273, 8459338682 | C36: A-25 | D36: B.Pharm-I | E36: 12.11.2025 to 12.09.2026 | F36: 7074 | G36: 12.11.2025 | H36: 500 | I36: 5000 | J36: 3000 | L36: =SUM(H36:K36) -> 8500 | M36: 17500 | P36: 1500
L37: =SUM(H37:K37) -> 0
L38: =SUM(H38:K38) -> 0
L39: =SUM(H39:K39) -> 0
L40: =SUM(H40:K40) -> 0
H41: =SUM(H36:H40) -> 500 | I41: =SUM(I36:I40) -> 5000 | J41: =SUM(J36:J40) -> 3000 | K41: =SUM(K36:K40) -> 0 | L41: =SUM(L36:L40) -> 8500 | N41: =M36-L41 -> 9000 | P41: =SUM(P36:P40) -> 1500
A42: 7 | B42: Noman Afsar Shaikh, at. Kaji Galli, Amba Road, Partur, 9405940147, 9890266884 | C42: A-09 | D42: B.Pharm-I | E42: 13.11.2025 to 13.09.2026 | F42: 7082 | G42: 13.11.2025 | H42: 500 | I42: 5000 | J42: 3000 | L42: =SUM(H42:K42) -> 8500 | M42: 17500 | P42: 1500
L43: =SUM(H43:K43) -> 0
L44: =SUM(H44:K44) -> 0
L45: =SUM(H45:K45) -> 0
L46: =SUM(H46:K46) -> 0
H47: =SUM(H42:H46) -> 500 | I47: =SUM(I42:I46) -> 5000 | J47: =SUM(J42:J46) -> 3000 | K47: =SUM(K42:K46) -> 0 | L47: =SUM(L42:L46) -> 8500 | N47: =M42-L47 -> 9000 | P47: =SUM(P42:P46) -> 1500
L48: =SUM(H48:K48) -> 0
L49: =SUM(H49:K49) -> 0
L50: =SUM(H50:K50) -> 0
L51: =SUM(H51:K51) -> 0
L52: =SUM(H52:K52) -> 0
H53: =SUM(H48:H52) -> 0 | I53: =SUM(I48:I52) -> 0 | J53: =SUM(J48:J52) -> 0 | K53: =SUM(K48:K52) -> 0 | L53: =SUM(L48:L52) -> 0 | N53: =M48-L53 -> 0 | P53: =SUM(P48:P52) -> 0
L54: =SUM(H54:K54) -> 0
L55: =SUM(H55:K55) -> 0
L56: =SUM(H56:K56) -> 0
L57: =SUM(H57:K57) -> 0
L58: =SUM(H58:K58) -> 0
H59: =SUM(H54:H58) -> 0 | I59: =SUM(I54:I58) -> 0 | J59: =SUM(J54:J58) -> 0 | K59: =SUM(K54:K58) -> 0 | L59: =SUM(L54:L58) -> 0 | N59: =M54-L59 -> 0 | P59: =SUM(P54:P58) -> 0
A60: Total Fees Collection | H60: =SUM(+H59+H53+H47+H41+H35+H29+H23+H17+H11) -> 3500 | I60: =SUM(+I59+I53+I47+I41+I35+I29+I23+I17+I11) -> 42000 | J60: =SUM(+J59+J53+J47+J41+J35+J29+J23+J17+J11) -> 18000 | K60: =SUM(+K59+K53+K47+K41+K35+K29+K23+K17+K11) -> 0 | L60: =SUM(+L59+L53+L47+L41+L35+L29+L23+L17+L11) -> 63500 | M60: =SUM(M6:M47)+M48+M54 -> 122500 | N60: =SUM(+N59+N53+N47+N41+N35+N29+N23+N17+N11) -> 59000 | P60: =SUM(+P59+P53+P47+P41+P35+P29+P23+P17+P11) -> 10500

Sheet B.Pharm I (B)
A1: Dr.Rafiq Zakaria Campus
A2: Maulana Azad Complex of Hostel
A3: Dr.Rafiq Zakaria Marg, Rauza Bagh, Aurangabad
A4: Individual Register (B.Pharm Ist Year) for the Academic Year 2025 - 2026 'B' Wing
A5: Sr.No | B5: Name of Student & Mobile | C5: Wing & Room | D5: Class | E5: Date of Joining | F5: Receipt No. | G5: Receipt Date | H5: Regi. Fee | I5: Room Rent | J5: Water & Electricity Charges | K5: Other Activity | L5: Total Fees Collection | M5: Approved Hostel Fees | N5: Outstanding Fee | O5: Remark | P5: Security Deposit
L6: =SUM(H6:K6) -> 0
L7: =SUM(H7:K7) -> 0
L8: =SUM(H8:K8) -> 0
L9: =SUM(H9:K9) -> 0
L10: =SUM(H10:K10) -> 0
H11: =SUM(H6:H10) -> 0 | I11: =SUM(I6:I10) -> 0 | J11: =SUM(J6:J10) -> 0 | K11: =SUM(K6:K10) -> 0 | L11: =SUM(L6:L10) -> 0 | N11: =M6-L11 -> 0
A12: =A6+1 -> 1 | L12: =SUM(H12:K12) -> 0
L13: =SUM(H13:K13) -> 0
L14: =SUM(H14:K14) -> 0
L15: =SUM(H15:K15) -> 0
L16: =SUM(H16:K16) -> 0
F17: Total | H17: =SUM(H12:H16) -> 0 | I17: =SUM(I12:I16) -> 0 | J17: =SUM(J12:J16) -> 0 | K17: =SUM(K12:K16) -> 0 | L17: =SUM(L12:L16) -> 0 | N17: =M12-L17 -> 0 | O17: UTR | P17: =SUM(P12:P16) -> 0
A18: Total Fees Collection | H18: =+H17+H11 -> 0 | I18: =+I17+I11 -> 0 | J18: =+J17+J11 -> 0 | K18: =+K17+K11 -> 0 | L18: =+L17+L11 -> 0 | M18: =+M12+M6 -> 0 | N18: =+N17+N11 -> 0 | P18: =+P17+P11 -> 0
C22: B
C23: C
C24: D | D24: 1

Sheet B.Pharm II
A1: Dr.Rafiq Zakaria Campus
A2: Maulana Azad Complex of Hostel
A3: Dr.Rafiq Zakaria Marg, Rauza Bagh, Aurangabad
A4: Individual Register (B.Pharm IInd Year) for the Academic Year 2025 - 2026 'A' Wing
A5: Sr.No | B5: Name of Student & Mobile | C5: Wing & Room | D5: Class | E5: Date of Joining | F5: Receipt No. | G5: Receipt Date | H5: Regi. Fee | I5: Room Rent | J5: Water & Electricity Charges | K5: Other Activity | L5: Total Fees Collection | M5: Approved Hostel Fees | N5: Outstanding Fee | O5: Remark | P5: Security Deposit
A6: 1 | B6: Mohammad Abdul Raheman Mohammad Ateeque, Rahim Nagar Parbhani, 9028066310, 8329733882 | C6: A-03 | D6: B.Pharm. II | E6: 24.08.2025 to 24.06.2026 | F6: 6902 | G6: 25.08.2025 | H6: 500 | I6: 14000 | J6: 3000 | L6: =SUM(H6:K6) -> 17500 | M6: 17500 | O6: Old Sudent
L7: =SUM(H7:K7) -> 0
L8: =SUM(H8:K8) -> 0
L9: =SUM(H9:K9) -> 0
L10: =SUM(H10:K10) -> 0
H11: =SUM(H6:H10) -> 500 | I11: =SUM(I6:I10) -> 14000 | J11: =SUM(J6:J10) -> 3000 | K11: =SUM(K6:K10) -> 0 | L11: =SUM(L6:L10) -> 17500 | N11: =M6-L11 -> 0
A12: 2 | B12: Pritam Dhondiba Bhalerao, Siddharth Nagar, Taroda(BK), Nanded, 9284794287, | C12: A-24 | D12: B.Pharm. II | E12: 24.08.2025 to 24.06.2026 | F12: 6929 | G12: 09.09.2025 | H12: 500 | I12: 4000 | J12: 3000 | L12: =SUM(H12:K12) -> 7500 | M12: 17500 | O12: Old Sudent
L13: =SUM(H13:K13) -> 0
L14: =SUM(H14:K14) -> 0
L15: =SUM(H15:K15) -> 0
L16: =SUM(H16:K16) -> 0
H17: =SUM(H12:H16) -> 500 | I17: =SUM(I12:I16) -> 4000 | J17: =SUM(J12:J16) -> 3000 | K17: =SUM(K12:K16) -> 0 | L17: =SUM(L12:L16) -> 7500 | N17: =M12-L17 -> 10000
A18: 3 | B18: Momin Md Taha Md Yusuf , At .Momin Mohalla Walur, Parbhani, 7796520168,9890255186 | C18: A-01 | D18: B.Pharm. II | E18: 22.08.2025 to 22.06.2026 | F18: 6953 | G18: 12.09.2025 | H18: 500 | I18: 6500 | J18: 3000 | L18: =SUM(H18:K18) -> 10000 | M18: 17500 | O18: Old Sudent
L19: =SUM(H19:K19) -> 0
L20: =SUM(H20:K20) -> 0
L21: =SUM(H21:K21) -> 0
L22: =SUM(H22:K22) -> 0
H23: =SUM(H18:H22) -> 500 | I23: =SUM(I18:I22) -> 6500 | J23: =SUM(J18:J22) -> 3000 | K23: =SUM(K18:K22) -> 0 | L23: =SUM(L18:L22) -> 10000 | N23: =M18-L23 -> 7500
A24: 4 | B24: Faiz Shaikh Anis Pinjari, Aditya Nagar Patna Devi Road, Chalisgaon, Dist. Jalgaon, 8605188509, 9921188257 | C24: A-23 | D24: B.Pharm. II | E24: 02.09.2025 to 02.07.2026 | F24: 6952 | G24: 12.09.2025 | H24: 500 | I24: 6500 | J24: 3000 | L24: =SUM(H24:K24) -> 10000 | M24: 17500 | O24: Old Sudent
L25: =SUM(H25:K25) -> 0
L26: =SUM(H26:K26) -> 0
L27: =SUM(H27:K27) -> 0
L28: =SUM(H28:K28) -> 0
H29: =SUM(H24:H28) -> 500 | I29: =SUM(I24:I28) -> 6500 | J29: =SUM(J24:J28) -> 3000 | K29: =SUM(K24:K28) -> 0 | L29: =SUM(L24:L28) -> 10000 | N29: =M24-L29 -> 7500
A30: =A24+1 -> 5 | B30: Shaikh Muaaz Ahmed Shaikh Masood Ahmed, At. Zum Zum Colony, Beed, 9421946494, 9284711071 | C30: A-22 | D30: B.Pharm. II | E30: 05.09.2025 to 05.07.2026 | F30: 6966 | G30: 17.09.2025 | H30: 500 | I30: 6500 | J30: 3000 | L30: =SUM(H30:K30) -> 10000 | M30: 17500 | O30: Old Sudent
L31: =SUM(H31:K31) -> 0 | O31: UPI
L32: =SUM(H32:K32) -> 0
L33: =SUM(H33:K33) -> 0
L34: =SUM(H34:K34) -> 0
F35: Total | H35: =SUM(H30:H34) -> 500 | I35: =SUM(I30:I34) -> 6500 | J35: =SUM(J30:J34) -> 3000 | K35: =SUM(K30:K34) -> 0 | L35: =SUM(L30:L34) -> 10000 | N35: =M30-L35 -> 7500 | O35: UTR | P35: =SUM(P30:P34) -> 0
A36: =A30+1 -> 6 | B36: Syed Mujtaba Syed Younus, At. Mullah Masjid Gandhi Park, Parbhani,9766634222, 8055685568 | C36: A-03 | D36: B.Pharm. II | E36: 17.08.2025 to 17.06.2026 | F36: 6981 | G36: 23.09.2025 | H36: 500 | I36: 14000 | J36: 3000 | L36: =SUM(H36:K36) -> 17500 | M36: 17500 | O36: Old Sudent
L37: =SUM(H37:K37) -> 0
L38: =SUM(H38:K38) -> 0
L39: =SUM(H39:K39) -> 0
L40: =SUM(H40:K40) -> 0
F41: Total | H41: =SUM(H36:H40) -> 500 | I41: =SUM(I36:I40) -> 14000 | J41: =SUM(J36:J40) -> 3000 | K41: =SUM(K36:K40) -> 0 | L41: =SUM(L36:L40) -> 17500 | N41: =M36-L41 -> 0 | O41: UTR | P41: =SUM(P36:P40) -> 0
A42: =A36+1 -> 7 | B42: Momin Umar Faroque Abdul Aleem, at. Mominpura, Beed, 9545786201,9423470240 | C42: A-22 | D42: B.Pharm. II | E42: 22.09.2025 to 22.07.2026 | F42: 6984 | G42: 23.09.2025 | H42: 500 | I42: 14000 | J42: 3000 | L42: =SUM(H42:K42) -> 17500 | M42: 17500 | O42: Old Sudent
L43: =SUM(H43:K43) -> 0
L44: =SUM(H44:K44) -> 0
L45: =SUM(H45:K45) -> 0
L46: =SUM(H46:K46) -> 0
F47: Total | H47: =SUM(H42:H46) -> 500 | I47: =SUM(I42:I46) -> 14000 | J47: =SUM(J42:J46) -> 3000 | K47: =SUM(K42:K46) -> 0 | L47: =SUM(L42:L46) -> 17500 | N47: =M42-L47 -> 0 | O47: UTR | P47: =SUM(P42:P46) -> 0
A48: =A42+1 -> 8 | B48: Mirza Irfan Baig Rahim Baig, at. Bhim Nagar,Kalamnuri, Dist. Hingoli, 9834498938, 9420966116 | C48: A-16 | D48: B.Pharm. II | E48: 22.09.2025 to 21.07.2026 | F48: 6990 | G48: 26.09.2025 | H48: 500 | I48: 4000 | J48: 3000 | L48: =SUM(H48:K48) -> 7500 | M48: 17500 | O48: Old Sudent
L49: =SUM(H49:K49) -> 0
L50: =SUM(H50:K50) -> 0
L51: =SUM(H51:K51) -> 0
L52: =SUM(H52:K52) -> 0
F53: Total | H53: =SUM(H48:H52) -> 500 | I53: =SUM(I48:I52) -> 4000 | J53: =SUM(J48:J52) -> 3000 | K53: =SUM(K48:K52) -> 0 | L53: =SUM(L48:L52) -> 7500 | N53: =M48-L53 -> 10000 | O53: UTR | P53: =SUM(P48:P52) -> 0
A54: =A48+1 -> 9 | B54: Naik Muhammad Rehan MD Tanvir Ahmad, at. Naikwadi Mohalla, Kalamnuri, Dist. Hingoli, 9322909763, 9881273394 | C54: A-16 | D54: B.Pharm. II | E54: 23.09.2025 to 23.07.2026 | F54: 6991 | G54: 26.09.2025 | H54: 500 | I54: 4000 | J54: 3000 | L54: =SUM(H54:K54) -> 7500 | M54: 17500 | O54: Old Sudent
L55: =SUM(H55:K55) -> 0
L56: =SUM(H56:K56) -> 0
L57: =SUM(H57:K57) -> 0
L58: =SUM(H58:K58) -> 0
F59: Total | H59: =SUM(H54:H58) -> 500 | I59: =SUM(I54:I58) -> 4000 | J59: =SUM(J54:J58) -> 3000 | K59: =SUM(K54:K58) -> 0 | L59: =SUM(L54:L58) -> 7500 | N59: =M54-L59 -> 10000 | O59: UTR | P59: =SUM(P54:P58) -> 0
A60: =A54+1 -> 10 | B60: Khursan Ayan Ahmad, At.Sadafule Vasti, Jamkhed, Dist. Ahemad Nagar, 9764785882,7888159656 | C60: A-25 | D60: B.Pharm. II | E60: 16.09.2025 to 16.07.2026 | F60: 6993 | G60: 27.09.2025 | H60: 500 | I60: 14000 | J60: 3000 | L60: =SUM(H60:K60) -> 17500 | M60: 17500 | O60: Old Sudent
L61: =SUM(H61:K61) -> 0
L62: =SUM(H62:K62) -> 0
L63: =SUM(H63:K63) -> 0
L64: =SUM(H64:K64) -> 0
F65: Total | H65: =SUM(H60:H64) -> 500 | I65: =SUM(I60:I64) -> 14000 | J65: =SUM(J60:J64) -> 3000 | K65: =SUM(K60:K64) -> 0 | L65: =SUM(L60:L64) -> 17500 | N65: =M60-L65 -> 0 | O65: UTR | P65: =SUM(P60:P64) -> 0
A66: =A60+1 -> 11 | B66: Gaikwad Sajjan Hanmant, at. Danora, Tq. Naigaon Nanded, 989073617 | C66: A-11 | D66: B.Pharm. II | E66: 26.09.2025 to 26.07.2026 | F66: 6996 | G66: 30.09.2025 | H66: 500 | I66: 6500 | J66: 3000 | L66: =SUM(H66:K66) -> 10000 | M66: 17500 | O66: Old Sudent
L67: =SUM(H67:K67) -> 0
L68: =SUM(H68:K68) -> 0
L69: =SUM(H69:K69) -> 0
L70: =SUM(H70:K70) -> 0
F71: Total | H71: =SUM(H66:H70) -> 500 | I71: =SUM(I66:I70) -> 6500 | J71: =SUM(J66:J70) -> 3000 | K71: =SUM(K66:K70) -> 0 | L71: =SUM(L66:L70) -> 10000 | N71: =M66-L71 -> 7500 | O71: UTR | P71: =SUM(P66:P70) -> 0
A72: =A66+1 -> 12 | B72: Darshandip Gangadhar Pundge, at. Ambedkar Nagar, Hingoli, 7499757850, 7208652622 | C72: A-11 | D72: B.Pharm. II | E72: 08.10.2025 to 08.08.2026 | F72: 7020 | G72: 10.10.2025 | H72: 500 | I72: 6500 | J72: 3000 | L72: =SUM(H72:K72) -> 10000 | M72: 17500 | O72: Old Sudent
L73: =SUM(H73:K73) -> 0
L74: =SUM(H74:K74) -> 0
L75: =SUM(H75:K75) -> 0
L76: =SUM(H76:K76) -> 0
F77: Total | H77: =SUM(H72:H76) -> 500 | I77: =SUM(I72:I76) -> 6500 | J77: =SUM(J72:J76) -> 3000 | K77: =SUM(K72:K76) -> 0 | L77: =SUM(L72:L76) -> 10000 | N77: =M72-L77 -> 7500 | O77: UTR | P77: =SUM(P72:P76) -> 0
A78: =A72+1 -> 13 | B78: Quadri Mohammed Rafi, at. Inayat Nagar, Parbhani, 9860654087 | C78: A-18 | D78: B.Pharm. II | E78: 24.10.2025 to 24.08.2026 | F78: 7056 | G78: 09.11.2025 | H78: 500 | I78: 14000 | J78: 3000 | L78: =SUM(H78:K78) -> 17500 | M78: 17500 | O78: Old Sudent
L79: =SUM(H79:K79) -> 0
L80: =SUM(H80:K80) -> 0
L81: =SUM(H81:K81) -> 0
L82: =SUM(H82:K82) -> 0
F83: Total | H83: =SUM(H78:H82) -> 500 | I83: =SUM(I78:I82) -> 14000 | J83: =SUM(J78:J82) -> 3000 | K83: =SUM(K78:K82) -> 0 | L83: =SUM(L78:L82) -> 17500 | N83: =M78-L83 -> 0 | O83: UTR | P83: =SUM(P78:P82) -> 0
A84: =A78+1 -> 14 | B84: Shah Atik Shah Latif, at. Dhotra Nandai, Tq. Deolgaon Raja, 9322670751,8552037813 | C84: A-22 | D84: B.Pharm. II | E84: 19.10.2025 to 19.08.2026 | F84: 7057 | G84: 09.11.2025 | H84: 500 | I84: 6500 | J84: 3000 | L84: =SUM(H84:K84) -> 10000 | M84: 17500 | O84: Old Sudent
L85: =SUM(H85:K85) -> 0
L86: =SUM(H86:K86) -> 0
L87: =SUM(H87:K87) -> 0
L88: =SUM(H88:K88) -> 0
F89: Total | H89: =SUM(H84:H88) -> 500 | I89: =SUM(I84:I88) -> 6500 | J89: =SUM(J84:J88) -> 3000 | K89: =SUM(K84:K88) -> 0 | L89: =SUM(L84:L88) -> 10000 | N89: =M84-L89 -> 7500 | O89: UTR | P89: =SUM(P84:P88) -> 0
A90: =A84+1 -> 15 | B90: Rajput Santosh Gandhising, at. Thalewadi Post Avhana Bhokardan, Dist Jalna, 8010358311, 7507821024 | C90: A-33 | D90: B.Pharm. II | E90: 25.10.2025 to 25.08.2026 | F90: 7066 | G90: 11.11.2025 | H90: 500 | I90: 6500 | J90: 3000 | L90: =SUM(H90:K90) -> 10000 | M90: 17500 | O90: Old Sudent
L91: =SUM(H91:K91) -> 0
L92: =SUM(H92:K92) -> 0
L93: =SUM(H93:K93) -> 0
L94: =SUM(H94:K94) -> 0
F95: Total | H95: =SUM(H90:H94) -> 500 | I95: =SUM(I90:I94) -> 6500 | J95: =SUM(J90:J94) -> 3000 | K95: =SUM(K90:K94) -> 0 | L95: =SUM(L90:L94) -> 10000 | N95: =M90-L95 -> 7500 | O95: UTR | P95: =SUM(P90:P94) -> 0
A96: =A90+1 -> 16 | C96: A-16 | D96: B.Pharm. II | E96: 23.09.2025 to 23.07.2026 | L96: =SUM(H96:K96) -> 0 | O96: Old Sudent
L97: =SUM(H97:K97) -> 0
L98: =SUM(H98:K98) -> 0
L99: =SUM(H99:K99) -> 0
L100: =SUM(H100:K100) -> 0
...

Sheet B.Pharm II (B)
A1: Dr.Rafiq Zakaria Campus
A2: Maulana Azad Complex of Hostel
A3: Dr.Rafiq Zakaria Marg, Rauza Bagh, Aurangabad
A4: Individual Register (B.Pharm IInd Year) for the Academic Year 2025 - 2026 'A' Wing
A5: Sr.No | B5: Name of Student & Mobile | C5: Wing & Room | D5: Class | E5: Date of Joining | F5: Receipt No. | G5: Receipt Date | H5: Regi. Fee | I5: Room Rent | J5: Water & Electricity Charges | K5: Other Activity | L5: Total Fees Collection | M5: Approved Hostel Fees | N5: Outstanding Fee | O5: Remark | P5: Security Deposit
A6: 1 | B6: Fazal Yusuf Patel, at Hno33 Gendalal Mill Jalgaon, 9158415525, 9028440286 | C6: C-16 | D6: B.Pharm. II | E6: 02.09.2025 to 02.07.2026 | F6: 6919 | G6: 03.09.2025 | H6: 500 | I6: 3000 | J6: 3000 | L6: =SUM(H6:K6) -> 6500 | M6: 14500 | P6: 1500
L7: =SUM(H7:K7) -> 0
L8: =SUM(H8:K8) -> 0
L9: =SUM(H9:K9) -> 0
L10: =SUM(H10:K10) -> 0
H11: =SUM(H6:H10) -> 500 | I11: =SUM(I6:I10) -> 3000 | J11: =SUM(J6:J10) -> 3000 | K11: =SUM(K6:K10) -> 0 | L11: =SUM(L6:L10) -> 6500 | N11: =M6-L11 -> 8000 | P11: =SUM(P6:P10) -> 1500
A12: 2 | B12: Pathan Abuzar Khan Ayaz Khan, At. Kanhaiya Nagar Jalna, 9765976833,9421318948 | C12: C-27 | D12: B-Pharm II | E12: 14.09.2025 to 14.07.2026 | F12: 6968 | G12: 18.09.2025 | H12: 500 | I12: 1500 | J12: 3000 | L12: =SUM(H12:K12) -> 5000 | M12: 14500 | O12: Old Student
L13: =SUM(H13:K13) -> 0
L14: =SUM(H14:K14) -> 0
L15: =SUM(H15:K15) -> 0
L16: =SUM(H16:K16) -> 0
H17: =SUM(H12:H16) -> 500 | I17: =SUM(I12:I16) -> 1500 | J17: =SUM(J12:J16) -> 3000 | K17: =SUM(K12:K16) -> 0 | L17: =SUM(L12:L16) -> 5000 | N17: =M12-L17 -> 9500 | P17: =SUM(P12:P16) -> 0
A18: 3 | B18: Sahil Abdul Raheman Inamdar, at. Ambavane Tq. Velha, Pune, 8177874563, 7030081967 | C18: D-03 | D18: B.Pharm. II | E18: 22.09.2025 to 22.07.2026 | F18: 7018 | G18: 09.10.2025 | H18: 500 | I18: 11000 | J18: 3000 | L18: =SUM(H18:K18) -> 14500 | M18: 14500 | O18: Old Student
L19: =SUM(H19:K19) -> 0
L20: =SUM(H20:K20) -> 0
L21: =SUM(H21:K21) -> 0
L22: =SUM(H22:K22) -> 0
H23: =SUM(H18:H22) -> 500 | I23: =SUM(I18:I22) -> 11000 | J23: =SUM(J18:J22) -> 3000 | K23: =SUM(K18:K22) -> 0 | L23: =SUM(L18:L22) -> 14500 | N23: =M18-L23 -> 0 | P23: =SUM(P18:P22) -> 0
L24: =SUM(H24:K24) -> 0
L25: =SUM(H25:K25) -> 0
L26: =SUM(H26:K26) -> 0
L27: =SUM(H27:K27) -> 0
L28: =SUM(H28:K28) -> 0
H29: =SUM(H24:H28) -> 0 | I29: =SUM(I24:I28) -> 0 | J29: =SUM(J24:J28) -> 0 | K29: =SUM(K24:K28) -> 0 | L29: =SUM(L24:L28) -> 0 | N29: =M24-L29 -> 0 | P29: =SUM(P24:P28) -> 0
L30: =SUM(H30:K30) -> 0
L31: =SUM(H31:K31) -> 0
L32: =SUM(H32:K32) -> 0
L33: =SUM(H33:K33) -> 0
L34: =SUM(H34:K34) -> 0
H35: =SUM(H30:H34) -> 0 | I35: =SUM(I30:I34) -> 0 | J35: =SUM(J30:J34) -> 0 | K35: =SUM(K30:K34) -> 0 | L35: =SUM(L30:L34) -> 0 | N35: =M30-L35 -> 0 | P35: =SUM(P30:P34) -> 0
L36: =SUM(H36:K36) -> 0
L37: =SUM(H37:K37) -> 0
L38: =SUM(H38:K38) -> 0
L39: =SUM(H39:K39) -> 0
L40: =SUM(H40:K40) -> 0
H41: =SUM(H36:H40) -> 0 | I41: =SUM(I36:I40) -> 0 | J41: =SUM(J36:J40) -> 0 | K41: =SUM(K36:K40) -> 0 | L41: =SUM(L36:L40) -> 0 | N41: =M36-L41 -> 0 | P41: =SUM(P36:P40) -> 0
L42: =SUM(H42:K42) -> 0
L43: =SUM(H43:K43) -> 0
L44: =SUM(H44:K44) -> 0
L45: =SUM(H45:K45) -> 0
L46: =SUM(H46:K46) -> 0
H47: =SUM(H42:H46) -> 0 | I47: =SUM(I42:I46) -> 0 | J47: =SUM(J42:J46) -> 0 | K47: =SUM(K42:K46) -> 0 | L47: =SUM(L42:L46) -> 0 | N47: =M42-L47 -> 0 | P47: =SUM(P42:P46) -> 0
A49: Total Fees Collection | H49: =+H29+H23+H17+H11+H35+H41+H47 -> 1500 | I49: =+I29+I23+I17+I11+I35+I41+I47 -> 15500 | J49: =+J29+J23+J17+J11+J35+J41+J47 -> 9000 | K49: =+K29+K23+K17+K11+K35+K41+K47 -> 0 | L49: =+L29+L23+L17+L11+L35+L41+L47 -> 26000 | M49: =+M24+M18+M12+M6+M30+M36+M42 -> 43500 | N49: =+N29+N23+N17+N11+N35+N41+N47 -> 17500 | P49: =+P29+P23+P17+P11+P35+P41 -> 1500
C52: B | D52: 4
C53: C | D53: 1
C54: D | D54: 2
D55: =+D54+D53+D52 -> 7

Sheet B.Pharm III
A1: Dr.Rafiq Zakaria Campus
A2: Maulana Azad Complex of Hostel
A3: Dr.Rafiq Zakaria Marg, Rauza Bagh, Aurangabad
A4: Individual Register (B.Pharm IIIrd Year) for the Academic Year 2025 - 2026 'A' Wing
A5: Sr.No | B5: Name of Student & Mobile | C5: Wing & Room | D5: Class | E5: Date of Joining | F5: Receipt No. | G5: Receipt Date | H5: Regi. Fee | I5: Room Rent | J5: Water & Electricity Charges | K5: Other Activity | L5: Total Fees Collection | M5: Approved Hostel Fees | N5: Outstanding Fee | O5: Remark | P5: Security Deposit
A6: 1 | B6: Shaikh Aqib Azeem, at. Fardapur Tq. Soegaon, 772052073 | C6: A-29 | D6: B.Pharm-III | E6: 20.06.2025 to 20.04.2026 | F6: 6813 | G6: 19.07.2025 | H6: 500 | I6: 6500 | J6: 3000 | L6: =SUM(H6:K6) -> 10000 | M6: 17500 | O6: Old Student
L7: =SUM(H7:K7) -> 0
L8: =SUM(H8:K8) -> 0
L9: =SUM(H9:K9) -> 0
L10: =SUM(H10:K10) -> 0
H11: =SUM(H6:H10) -> 500 | I11: =SUM(I6:I10) -> 6500 | J11: =SUM(J6:J10) -> 3000 | K11: =SUM(K6:K10) -> 0 | L11: =SUM(L6:L10) -> 10000 | N11: =M6-L11 -> 7500 | R11: =1450*3 -> 4350
A12: 2 | B12: Alkama Ashokali Shaikh,At. Punatgaon, Po Pachegaon, Newasa, 9049137682 | C12: A-29 | D12: B.Pharm-III | E12: 02.07.2025 to 02.05.2026 | F12: 6814 | G12: 19.07.2025 | H12: 500 | I12: 6500 | J12: 3000 | L12: =SUM(H12:K12) -> 10000 | M12: 17500 | O12: Old Student
L13: =SUM(H13:K13) -> 0
L14: =SUM(H14:K14) -> 0
L15: =SUM(H15:K15) -> 0
L16: =SUM(H16:K16) -> 0
H17: =SUM(H12:H16) -> 500 | I17: =SUM(I12:I16) -> 6500 | J17: =SUM(J12:J16) -> 3000 | K17: =SUM(K12:K16) -> 0 | L17: =SUM(L12:L16) -> 10000 | N17: =M12-L17 -> 7500
A18: 3 | B18: Mohatsin Hasnain Yunus Shaikh At.post Ranjani, Tq. Ghansawangi, 9172158388 | C18: A-09 | D18: B.Phaarm III Year | E18: 02.06.2025 to 02.04.2026 | F18: 6837 | G18: 28.07.2025 | H18: 500 | I18: 3500 | J18: 3000 | L18: =SUM(H18:K18) -> 7000 | M18: 17500 | O18: Old Student
F19: 6903 | G19: 25.08.2025 | I19: 10500 | L19: =SUM(H19:K19) -> 10500
L20: =SUM(H20:K20) -> 0
L21: =SUM(H21:K21) -> 0
L22: =SUM(H22:K22) -> 0
H23: =SUM(H18:H22) -> 500 | I23: =SUM(I18:I22) -> 14000 | J23: =SUM(J18:J22) -> 3000 | K23: =SUM(K18:K22) -> 0 | L23: =SUM(L18:L22) -> 17500 | N23: =M18-L23 -> 0
A24: 4 | B24: Umer Nasir Deshmukh, At. Dhangar wada Yawal, Dist. Jalgaon, 9049289286 | C24: A-08 | D24: B.Pharm III Year | E24: 02.07.2025 to 02.05.2026 | F24: 6889 | G24: 21.08.2025 | H24: 500 | I24: 6500 | J24: 3000 | L24: =SUM(H24:K24) -> 10000 | M24: 17500 | O24: Old Student
L25: =SUM(H25:K25) -> 0
L26: =SUM(H26:K26) -> 0
L27: =SUM(H27:K27) -> 0
L28: =SUM(H28:K28) -> 0
H29: =SUM(H24:H28) -> 500 | I29: =SUM(I24:I28) -> 6500 | J29: =SUM(J24:J28) -> 3000 | K29: =SUM(K24:K28) -> 0 | L29: =SUM(L24:L28) -> 10000 | N29: =M24-L29 -> 7500
A30: 5 | B30: Sufiyan Rasul Shaikh, At. Post. Jahur Tq. Mukhed, 7775091710,9730690799 | C30: A-08 | D30: B.Pharm III Year | E30: 02.06.2025 to 02.04.2026 | F30: 6925 | G30: 07.09.2025 | H30: 500 | I30: 5500 | J30: 3000 | L30: =SUM(H30:K30) -> 9000 | M30: 17500 | O30: Old Student
L31: =SUM(H31:K31) -> 0
L32: =SUM(H32:K32) -> 0
L33: =SUM(H33:K33) -> 0
L34: =SUM(H34:K34) -> 0
H35: =SUM(H30:H34) -> 500 | I35: =SUM(I30:I34) -> 5500 | J35: =SUM(J30:J34) -> 3000 | K35: =SUM(K30:K34) -> 0 | L35: =SUM(L30:L34) -> 9000 | N35: =M30-L35 -> 8500
A36: 6 | B36: Adnan Ahemad Irshad Ahemad At. Kalal ki chawal Momon pura, Akola 9823269728 | C36: A-26 | D36: B.Pharm III Year | E36: 02.07.2025 to 02.05.2026 | F36: 6983 | G36: 23.09.2025 | H36: 500 | I36: 6500 | J36: 3000 | L36: =SUM(H36:K36) -> 10000 | M36: 17500 | O36: Old Student
L37: =SUM(H37:K37) -> 0
L38: =SUM(H38:K38) -> 0
L39: =SUM(H39:K39) -> 0
L40: =SUM(H40:K40) -> 0
H41: =SUM(H36:H40) -> 500 | I41: =SUM(I36:I40) -> 6500 | J41: =SUM(J36:J40) -> 3000 | K41: =SUM(K36:K40) -> 0 | L41: =SUM(L36:L40) -> 10000 | N41: =M36-L41 -> 7500
A42: 7 | B42: Altaf Amin Shaikh, At. Takali R.R., Lamangaon, Aurangabad,9511880968 | C42: A-32 | D42: B.Pharm III | E42: 02.07.2025 to 02.05.2026 | F42: 6985 | G42: 24.09.2025 | H42: 500 | I42: 6500 | J42: 3000 | L42: =SUM(H42:K42) -> 10000 | M42: 17500 | O42: Old Student
L43: =SUM(H43:K43) -> 0
L44: =SUM(H44:K44) -> 0
L45: =SUM(H45:K45) -> 0
L46: =SUM(H46:K46) -> 0
H47: =SUM(H42:H46) -> 500 | I47: =SUM(I42:I46) -> 6500 | J47: =SUM(J42:J46) -> 3000 | K47: =SUM(K42:K46) -> 0 | L47: =SUM(L42:L46) -> 10000 | N47: =M42-L47 -> 7500
A48: 8 | B48: Khan Sameer Mohammad Shafat At. Near Railway Filter House Tapti Road Bhusawal, 9021542060 | C48: A-08 | D48: B.Phaarm III Year | E48: 02.07.2025 to 02.05.2026 | F48: 7008 | G48: 06.10.2025 | H48: 500 | I48: 14000 | J48: 3000 | L48: =SUM(H48:K48) -> 17500 | M48: 17500 | O48: Old Student
L49: =SUM(H49:K49) -> 0
L50: =SUM(H50:K50) -> 0
L51: =SUM(H51:K51) -> 0
L52: =SUM(H52:K52) -> 0
H53: =SUM(H48:H52) -> 500 | I53: =SUM(I48:I52) -> 14000 | J53: =SUM(J48:J52) -> 3000 | K53: =SUM(K48:K52) -> 0 | L53: =SUM(L48:L52) -> 17500 | N53: =M48-L53 -> 0
A54: 9 | L54: =SUM(H54:K54) -> 0
L55: =SUM(H55:K55) -> 0
L56: =SUM(H56:K56) -> 0
L57: =SUM(H57:K57) -> 0
L58: =SUM(H58:K58) -> 0
H59: =SUM(H54:H58) -> 0 | I59: =SUM(I54:I58) -> 0 | J59: =SUM(J54:J58) -> 0 | K59: =SUM(K54:K58) -> 0 | L59: =SUM(L54:L58) -> 0 | N59: =M54-L59 -> 0
A60: 10 | L60: =SUM(H60:K60) -> 0
L61: =SUM(H61:K61) -> 0
L62: =SUM(H62:K62) -> 0
L63: =SUM(H63:K63) -> 0
L64: =SUM(H64:K64) -> 0
H65: =SUM(H60:H64) -> 0 | I65: =SUM(I60:I64) -> 0 | J65: =SUM(J60:J64) -> 0 | K65: =SUM(K60:K64) -> 0 | L65: =SUM(L60:L64) -> 0 | N65: =M60-L65 -> 0
A66: 11 | L66: =SUM(H66:K66) -> 0
L67: =SUM(H67:K67) -> 0
L68: =SUM(H68:K68) -> 0
L69: =SUM(H69:K69) -> 0
L70: =SUM(H70:K70) -> 0
H71: =SUM(H66:H70) -> 0 | I71: =SUM(I66:I70) -> 0 | J71: =SUM(J66:J70) -> 0 | K71: =SUM(K66:K70) -> 0 | L71: =SUM(L66:L70) -> 0 | N71: =M66-L71 -> 0
A72: 12 | L72: =SUM(H72:K72) -> 0
L73: =SUM(H73:K73) -> 0
L74: =SUM(H74:K74) -> 0
L75: =SUM(H75:K75) -> 0
L76: =SUM(H76:K76) -> 0
H77: =SUM(H72:H76) -> 0 | I77: =SUM(I72:I76) -> 0 | J77: =SUM(J72:J76) -> 0 | K77: =SUM(K72:K76) -> 0 | L77: =SUM(L72:L76) -> 0 | N77: =M72-L77 -> 0
A78: 13 | L78: =SUM(H78:K78) -> 0
L79: =SUM(H79:K79) -> 0
L80: =SUM(H80:K80) -> 0
L81: =SUM(H81:K81) -> 0
L82: =SUM(H82:K82) -> 0
H83: =SUM(H78:H82) -> 0 | I83: =SUM(I78:I82) -> 0 | J83: =SUM(J78:J82) -> 0 | K83: =SUM(K78:K82) -> 0 | L83: =SUM(L78:L82) -> 0 | N83: =M78-L83 -> 0
A84: 14 | L84: =SUM(H84:K84) -> 0
L85: =SUM(H85:K85) -> 0
L86: =SUM(H86:K86) -> 0
L87: =SUM(H87:K87) -> 0
L88: =SUM(H88:K88) -> 0
H89: =SUM(H84:H88) -> 0 | I89: =SUM(I84:I88) -> 0 | J89: =SUM(J84:J88) -> 0 | K89: =SUM(K84:K88) -> 0 | L89: =SUM(L84:L88) -> 0 | N89: =M84-L89 -> 0
A90: 15 | L90: =SUM(H90:K90) -> 0
L91: =SUM(H91:K91) -> 0
L92: =SUM(H92:K92) -> 0
L93: =SUM(H93:K93) -> 0
L94: =SUM(H94:K94) -> 0
H95: =SUM(H90:H94) -> 0 | I95: =SUM(I90:I94) -> 0 | J95: =SUM(J90:J94) -> 0 | K95: =SUM(K90:K94) -> 0 | L95: =SUM(L90:L94) -> 0 | N95: =M90-L95 -> 0
A96: 16 | L96: =SUM(H96:K96) -> 0
L97: =SUM(H97:K97) -> 0
L98: =SUM(H98:K98) -> 0
L99: =SUM(H99:K99) -> 0
L100: =SUM(H100:K100) -> 0
...

Sheet B.Pharm III (B)
A1: Dr.Rafiq Zakaria Campus
A2: Maulana Azad Complex of Hostel
A3: Dr.Rafiq Zakaria Marg, Rauza Bagh, Aurangabad
A4: Individual Register (B.Pharm IIIrd Year) for the Academic Year 2025 - 2026 'B' Wing
A5: Sr.No | B5: Name of Student & Mobile | C5: Wing & Room | D5: Class | E5: Date of Joining | F5: Receipt No. | G5: Receipt Date | H5: Regi. Fee | I5: Room Rent | J5: Water & Electricity Charges | K5: Other Activity | L5: Total Fees Collection | M5: Approved Hostel Fees | N5: Outstanding Fee | O5: Remark | P5: Security Deposit
A6: 1 | B6: Vedant Rajendra Thadkar, at. Sangai Plot, Anjangaon Surji, Dist. Amravati, 7823858959, 9975258501 | C6: D-09 | D6: B.Pharm-III | E6: 27.04.2025 to 27.02.2026 | F6: 6811 | G6: 17.07.2025 | H6: 500 | I6: 4500 | J6: 3000 | L6: =SUM(H6:K6) -> 8000 | M6: 14500 | O6: Old Student
L7: =SUM(H7:K7) -> 0
L8: =SUM(H8:K8) -> 0
L9: =SUM(H9:K9) -> 0
L10: =SUM(H10:K10) -> 0
H11: =SUM(H6:H10) -> 500 | I11: =SUM(I6:I10) -> 4500 | J11: =SUM(J6:J10) -> 3000 | K11: =SUM(K6:K10) -> 0 | L11: =SUM(L6:L10) -> 8000 | N11: =M6-L11 -> 6500
A12: 2 | B12: Amaan Firoz Shaikh At.Jomala Bhokardan Dist. Jalna 9423454588, 9767931234 | C12: B-05 | D12: B.Phaarm III Year | E12: 02.07.2025 to 02.05.2026 | F12: 6867 | G12: 12.08.2025 | H12: 500 | I12: 3500 | J12: 3000 | L12: =SUM(H12:K12) -> 7000 | M12: 14500 | O12: Old Student
L13: =SUM(H13:K13) -> 0
L14: =SUM(H14:K14) -> 0
L15: =SUM(H15:K15) -> 0
L16: =SUM(H16:K16) -> 0
H17: =SUM(H12:H16) -> 500 | I17: =SUM(I12:I16) -> 3500 | J17: =SUM(J12:J16) -> 3000 | K17: =SUM(K12:K16) -> 0 | L17: =SUM(L12:L16) -> 7000 | N17: =M12-L17 -> 7500
A18: 3 | B18: Ritesh Vilasrao Deshmukh, At. Ayodhya Nagar, Hadgaon, Nanded, 9689050951,8237198571 | C18: D-09 | D18: B.Pharm III Year | E18: 02.07.2025 to 02.05.2026 | F18: 6890 | G18: 21.08.2025 | H18: 500 | I18: 11000 | J18: 3000 | L18: =SUM(H18:K18) -> 14500 | M18: 14500 | O18: Old Student
L19: =SUM(H19:K19) -> 0
L20: =SUM(H20:K20) -> 0
L21: =SUM(H21:K21) -> 0
L22: =SUM(H22:K22) -> 0
H23: =SUM(H18:H22) -> 500 | I23: =SUM(I18:I22) -> 11000 | J23: =SUM(J18:J22) -> 3000 | K23: =SUM(K18:K22) -> 0 | L23: =SUM(L18:L22) -> 14500 | N23: =M18-L23 -> 0
A24: 4 | L24: =SUM(H24:K24) -> 0
L25: =SUM(H25:K25) -> 0
L26: =SUM(H26:K26) -> 0
L27: =SUM(H27:K27) -> 0
L28: =SUM(H28:K28) -> 0
H29: =SUM(H24:H28) -> 0 | I29: =SUM(I24:I28) -> 0 | J29: =SUM(J24:J28) -> 0 | K29: =SUM(K24:K28) -> 0 | L29: =SUM(L24:L28) -> 0 | N29: =M24-L29 -> 0
A30: 5 | L30: =SUM(H30:K30) -> 0
L31: =SUM(H31:K31) -> 0
L32: =SUM(H32:K32) -> 0
L33: =SUM(H33:K33) -> 0
L34: =SUM(H34:K34) -> 0
H35: =SUM(H30:H34) -> 0 | I35: =SUM(I30:I34) -> 0 | J35: =SUM(J30:J34) -> 0 | K35: =SUM(K30:K34) -> 0 | L35: =SUM(L30:L34) -> 0 | N35: =M30-L35 -> 0
A36: 6 | L36: =SUM(H36:K36) -> 0
L37: =SUM(H37:K37) -> 0
L38: =SUM(H38:K38) -> 0
L39: =SUM(H39:K39) -> 0
L40: =SUM(H40:K40) -> 0
H41: =SUM(H36:H40) -> 0 | I41: =SUM(I36:I40) -> 0 | J41: =SUM(J36:J40) -> 0 | K41: =SUM(K36:K40) -> 0 | L41: =SUM(L36:L40) -> 0 | N41: =M36-L41 -> 0
L42: =SUM(H42:K42) -> 0
L43: =SUM(H43:K43) -> 0
L44: =SUM(H44:K44) -> 0
L45: =SUM(H45:K45) -> 0
L46: =SUM(H46:K46) -> 0
H47: =SUM(H42:H46) -> 0 | I47: =SUM(I42:I46) -> 0 | J47: =SUM(J42:J46) -> 0 | K47: =SUM(K42:K46) -> 0 | L47: =SUM(L42:L46) -> 0 | N47: =M42-L47 -> 0
L48: =SUM(H48:K48) -> 0
L49: =SUM(H49:K49) -> 0
L50: =SUM(H50:K50) -> 0
L51: =SUM(H51:K51) -> 0
L52: =SUM(H52:K52) -> 0
H53: =SUM(H48:H52) -> 0 | I53: =SUM(I48:I52) -> 0 | J53: =SUM(J48:J52) -> 0 | K53: =SUM(K48:K52) -> 0 | L53: =SUM(L48:L52) -> 0 | N53: =M48-L53 -> 0
L54: =SUM(H54:K54) -> 0
L55: =SUM(H55:K55) -> 0
L56: =SUM(H56:K56) -> 0
L57: =SUM(H57:K57) -> 0
L58: =SUM(H58:K58) -> 0
H59: =SUM(H54:H58) -> 0 | I59: =SUM(I54:I58) -> 0 | J59: =SUM(J54:J58) -> 0 | K59: =SUM(K54:K58) -> 0 | L59: =SUM(L54:L58) -> 0 | N59: =M54-L59 -> 0
A60: Total Fees Collection | H60: =+H23+H17+H11+H29+H35+H41+H47+H53+H59 -> 1500 | I60: =+I23+I17+I11+I29+I35+I41+I47+I53+I59 -> 19000 | J60: =+J23+J17+J11+J29+J35+J41+J47+J53+J59 -> 9000 | K60: =+K23+K17+K11+K29+K35+K41+K47+K53+K59 -> 0 | L60: =+L23+L17+L11+L29+L35+L41+L47+L53+L59 -> 29500 | M60: =+M18+M12+M6+M24+M30+M36+M42+M48+M54 -> 43500 | N60: =+N23+N17+N11+N29+N35+N41+N47+N53+N59 -> 14000 | P60: =+P23+P17+P11+P29+P35+P41+P47+P53+P59 -> 0
C63: B | D63: 0
C64: C | D64: 6
C65: D | D65: 2

Sheet B.Pharm IV
A1: Dr.Rafiq Zakaria Campus
A2: Maulana Azad Complex of Hostel
A3: Dr.Rafiq Zakaria Marg, Rauza Bagh, Aurangabad
A4: Individual Register (B.Pharm IVth Year) for the Academic Year 2025 - 2026 'A' Wing
A5: Sr.No | B5: Name of Student & Mobile | C5: Wing & Room | D5: Class | E5: Date of Joining | F5: Receipt No. | G5: Receipt Date | H5: Regi. Fee | I5: Room Rent | J5: Water & Electricity Charges | K5: Other Activity | L5: Total Fees Collection | M5: Approved Hostel Fees | N5: Outstanding Fee | O5: Remark | P5: Security Deposit
A6: 1 | B6: Sarang Vilas Salunke,at. Shangavi Residensy C-08, New Court, Baramati, 9499465146, 7058372405 | C6: A-25 | D6: B.Pharm-IV | E6: 23.04.2025 to 23.02.2026 | F6: 6696 | G6: 17.06.2025 | H6: 500 | I6: 14000 | J6: 3000 | L6: =SUM(H6:K6) -> 17500 | M6: 17500 | O6: UPI
L7: =SUM(H7:K7) -> 0 | O7: Old Student
L8: =SUM(H8:K8) -> 0
L9: =SUM(H9:K9) -> 0
L10: =SUM(H10:K10) -> 0
L11: =SUM(L6:L10) -> 17500 | N11: =M6-L11 -> 0 | P11: =SUM(P6:P10) -> 0
A12: 2 | B12: Shaikh Faizan Shaikh Hamid, at. Anturli Tq. Muktainagar, Dist. Jalgaon, 9765146095, 9272938202 | C12: A-19 | D12: B.Pharm-IV | E12: 11.05.2025 to 11.03.2026 | F12: 6773 | G12: 08.07.2025 | H12: 500 | I12: 4000 | J12: 3000 | L12: =SUM(H12:K12) -> 7500 | M12: 17500 | O12: Old Student
L13: =SUM(H13:K13) -> 0
L14: =SUM(H14:K14) -> 0
L15: =SUM(H15:K15) -> 0
L16: =SUM(H16:K16) -> 0
H17: =SUM(H12:H16) -> 500 | I17: =SUM(I12:I16) -> 4000 | J17: =SUM(J12:J16) -> 3000 | K17: =SUM(K12:K16) -> 0 | L17: =SUM(L12:L16) -> 7500 | N17: =M12-L17 -> 10000 | P17: =SUM(P12:P16) -> 0
A18: 3 | B18: Shaikh Sameer Mainoddin, At. Usmanpura Colony, Sanja Road Osmanabad, 9922595756, 9767192430 | C18: A-09 | D18: B.Pharm-IV | E18: 13.05.2025 to 13.03.2026 | F18: 6780 | G18: 10.07.2025 | H18: 500 | I18: 6500 | J18: 3000 | L18: =SUM(H18:K18) -> 10000 | M18: 17500 | O18: Old Student
L19: =SUM(H19:K19) -> 0
L20: =SUM(H20:K20) -> 0
L21: =SUM(H21:K21) -> 0
L22: =SUM(H22:K22) -> 0
H23: =SUM(H18:H22) -> 500 | I23: =SUM(I18:I22) -> 6500 | J23: =SUM(J18:J22) -> 3000 | K23: =SUM(K18:K22) -> 0 | L23: =SUM(L18:L22) -> 10000 | N23: =M18-L23 -> 7500 | P23: =SUM(P18:P22) -> 0
A24: 4 | B24: Shaikh Afroz Sayeed, at. Chandanzira, Jalna, 9890454350, 9075876345 | C24: A-19 | D24: B.Pharm-IV | E24: 13.05.2025 to 13.03.2026 | F24: 6785 | G24: 11.07.2025 | H24: 500 | I24: 6500 | J24: 3000 | L24: =SUM(H24:K24) -> 10000 | M24: 17500 | O24: Old Student
F25: c | L25: =SUM(H25:K25) -> 0
L26: =SUM(H26:K26) -> 0
L27: =SUM(H27:K27) -> 0
L28: =SUM(H28:K28) -> 0
H29: =SUM(H24:H28) -> 500 | I29: =SUM(I24:I28) -> 6500 | J29: =SUM(J24:J28) -> 3000 | K29: =SUM(K24:K28) -> 0 | L29: =SUM(L24:L28) -> 10000 | N29: =M24-L29 -> 7500 | P29: =SUM(P24:P28) -> 0
A30: 5 | B30: Ikkar Mahadev Baburao Sujata Colony old Pedgaon Road, Dist.Parbhani 8010625321, 8080277913 | C30: A-27 | D30: B.Pharm-IV | E30: 02.07.2025 to 02.05.2026 | F30: 6798 | G30: 16.07.2025 | H30: 500 | I30: 5000 | J30: 3000 | L30: =SUM(H30:K30) -> 8500 | M30: 17500 | O30: Old Student
F31: 7031 | G31: 30.10.2025 | I31: 9000 | L31: =SUM(H31:K31) -> 9000
L32: =SUM(H32:K32) -> 0
L33: =SUM(H33:K33) -> 0
L34: =SUM(H34:K34) -> 0
H35: =SUM(H30:H34) -> 500 | I35: =SUM(I30:I34) -> 14000 | J35: =SUM(J30:J34) -> 3000 | K35: =SUM(K30:K34) -> 0 | L35: =SUM(L30:L34) -> 17500 | N35: =M30-L35 -> 0 | P35: =SUM(P30:P34) -> 0
A36: 6 | B36: Shivam Dnyaneshwar Rangdal, 227, Shrishal Nagar bhavani peth, Solapur, 8668866179,9834718107 | C36: A-27 | D36: B.Pharm-IV | E36: 02.07.2025 to 02.05.2026 | F36: 6799 | G36: 16.07.2025 | H36: 500 | I36: 5000 | J36: 3000 | L36: =SUM(H36:K36) -> 8500 | M36: 17500 | O36: Old Student
F37: 7007 | G37: 06.10.2025 | I37: 3500 | L37: =SUM(H37:K37) -> 3500
L38: =SUM(H38:K38) -> 0
L39: =SUM(H39:K39) -> 0
L40: =SUM(H40:K40) -> 0
H41: =SUM(H36:H40) -> 500 | I41: =SUM(I36:I40) -> 8500 | J41: =SUM(J36:J40) -> 3000 | K41: =SUM(K36:K40) -> 0 | L41: =SUM(L36:L40) -> 12000 | N41: =M36-L41 -> 5500 | P41: =SUM(P36:P40) -> 0
A42: 7 | B42: Balaji Gangadhar Dewale, At. Chitmogra post (takli) bk Tq. Biloli, Nanaded, 9356895175, 9623880317 | C42: A-27 | D42: B.Pharm-IV | E42: 02.07.2025 to 02.05.2026 | F42: 6800 | G42: 16.07.2025 | H42: 500 | I42: 14000 | J42: 3000 | L42: =SUM(H42:K42) -> 17500 | M42: 17500 | O42: Old Student
L43: =SUM(H43:K43) -> 0
L44: =SUM(H44:K44) -> 0
L45: =SUM(H45:K45) -> 0
L46: =SUM(H46:K46) -> 0
H47: =SUM(H42:H46) -> 500 | I47: =SUM(I42:I46) -> 14000 | J47: =SUM(J42:J46) -> 3000 | K47: =SUM(K42:K46) -> 0 | L47: =SUM(L42:L46) -> 17500 | N47: =M42-L47 -> 0 | P47: =SUM(P42:P46) -> 0
A48: 8 | B48: Amer Raju Shaikh, at.Sawangi, Lasur Station, Tq. Gangapur, Aurangabad, 8381027864,9767575055 | C48: A-28 | D48: B.Pharm-IV | E48: 21.05.2025 to 21.03.2026 | F48: 6801 | G48: 16.07.2025 | H48: 500 | I48: 6500 | J48: 3000 | L48: =SUM(H48:K48) -> 10000 | M48: 17500 | O48: Old Student
F49: 7043 | G49: 06.11.2025 | I49: 7500 | L49: =SUM(H49:K49) -> 7500
L50: =SUM(H50:K50) -> 0
L51: =SUM(H51:K51) -> 0
L52: =SUM(H52:K52) -> 0
H53: =SUM(H48:H52) -> 500 | I53: =SUM(I48:I52) -> 14000 | J53: =SUM(J48:J52) -> 3000 | K53: =SUM(K48:K52) -> 0 | L53: =SUM(L48:L52) -> 17500 | N53: =M48-L53 -> 0 | P53: =SUM(P48:P52) -> 0
A54: 9 | B54: Shaikh Shoeb Shadul, At. Nagalgaon,Nehrunagar Tq. Kandhar, 8805805379, 7709331693 | C54: A-09 | D54: B.Pharm-IV | E54: 02.07.2025 to 02.05.2026 | F54: 6817 | G54: 21.07.2025 | H54: 500 | I54: 6500 | J54: 3000 | L54: =SUM(H54:K54) -> 10000 | M54: 17500 | O54: Old Student
L55: =SUM(H55:K55) -> 0
L56: =SUM(H56:K56) -> 0
L57: =SUM(H57:K57) -> 0
L58: =SUM(H58:K58) -> 0
H59: =SUM(H54:H58) -> 500 | I59: =SUM(I54:I58) -> 6500 | J59: =SUM(J54:J58) -> 3000 | K59: =SUM(K54:K58) -> 0 | L59: =SUM(L54:L58) -> 10000 | N59: =M54-L59 -> 7500 | P59: =SUM(P54:P58) -> 0
A60: 10 | B60: Umer Jahangir Deshmukh, at. Jihar Colony, Sillod, 9096739001, 88055012438 | C60: A-32 | D60: B.Pharm-IV | E60: 13.05.2025 to 13.03.2026 | F60: 6819 | G60: 21.07.2025 | H60: 500 | I60: 14000 | J60: 3000 | L60: =SUM(H60:K60) -> 17500 | M60: 17500 | O60: Old Student
L61: =SUM(H61:K61) -> 0
L62: =SUM(H62:K62) -> 0
L63: =SUM(H63:K63) -> 0
L64: =SUM(H64:K64) -> 0
H65: =SUM(H60:H64) -> 500 | I65: =SUM(I60:I64) -> 14000 | J65: =SUM(J60:J64) -> 3000 | K65: =SUM(K60:K64) -> 0 | L65: =SUM(L60:L64) -> 17500 | N65: =M60-L65 -> 0 | P65: =SUM(P60:P64) -> 0
A66: 11 | B66: Momin Mohammad Fuzail, at.Janta Near Nagar,AnsarSizing, Malegaon, 7499131255, 9158489636 | C66: A-28 | D66: B.Pharm-IV | E66: 06.05.2025 to 06.03.2026 | F66: 6797 | G66: 16.07.2025 | H66: 500 | I66: 3500 | J66: 3000 | L66: =SUM(H66:K66) -> 7000 | M66: 17500 | O66: Old Student
F67: 6978 | G67: 21.09.2025 | I67: 5500 | L67: =SUM(H67:K67) -> 5500
F68: 7085 | G68: 14.11.2025 | I68: 5000 | L68: =SUM(H68:K68) -> 5000
L69: =SUM(H69:K69) -> 0
L70: =SUM(H70:K70) -> 0
H71: =SUM(H66:H70) -> 500 | I71: =SUM(I66:I70) -> 14000 | J71: =SUM(J66:J70) -> 3000 | K71: =SUM(K66:K70) -> 0 | L71: =SUM(L66:L70) -> 17500 | N71: =M66-L71 -> 0 | P71: =SUM(P66:P70) -> 0
A72: 12 | B72: Rudra Rajendranat meshram At. Ta. Nagbhir Kachar Mohalla Dist. Chandrapur 8275020737, 9421813160 | C72: A-29 | D72: B.Pharm IV | E72: 02.07.2025 to 02.05.2026 | F72: 6850 | G72: 06.08.2025 | H72: 500 | I72: 6500 | J72: 3000 | L72: =SUM(H72:K72) -> 10000 | M72: 17500 | O72: Old Student
L73: =SUM(H73:K73) -> 0
L74: =SUM(H74:K74) -> 0
L75: =SUM(H75:K75) -> 0
L76: =SUM(H76:K76) -> 0
H77: =SUM(H72:H76) -> 500 | I77: =SUM(I72:I76) -> 6500 | J77: =SUM(J72:J76) -> 3000 | K77: =SUM(K72:K76) -> 0 | L77: =SUM(L72:L76) -> 10000 | N77: =M72-L77 -> 7500 | P77: =SUM(P72:P76) -> 0
A78: 13 | B78: Shaikh Ajim Salauddin At. Salabatpur tq. Newasa Dist. Ahmednagar, 7875745008, 7249390320 | C78: A-25 | D78: B.Pharm IV | E78: 02.08.2025 to 02.06.2026 | F78: 6852 | G78: 07.08.2025 | H78: 500 | I78: 6500 | J78: 3000 | L78: =SUM(H78:K78) -> 10000 | M78: 17500 | O78: Old Student
L79: =SUM(H79:K79) -> 0
L80: =SUM(H80:K80) -> 0
L81: =SUM(H81:K81) -> 0
L82: =SUM(H82:K82) -> 0
H83: =SUM(H78:H82) -> 500 | I83: =SUM(I78:I82) -> 6500 | J83: =SUM(J78:J82) -> 3000 | K83: =SUM(K78:K82) -> 0 | L83: =SUM(L78:L82) -> 10000 | N83: =M78-L83 -> 7500 | P83: =SUM(P78:P82) -> 0
A84: 14 | B84: Ansari Zubair Ahmed, At. Chandol, Buldhana, 9890067354, 7757868260 | C84: A-32 | D84: B.Pharm IV | E84: 26.07.2025 to 26.05.2026 | F84: 6876 | G84: 14.08.2025 | H84: 500 | I84: 6500 | J84: 3000 | L84: =SUM(H84:K84) -> 10000 | M84: 17500 | O84: Old Student
L85: =SUM(H85:K85) -> 0 | O85: UPI
L86: =SUM(H86:K86) -> 0
L87: =SUM(H87:K87) -> 0
L88: =SUM(H88:K88) -> 0
H89: =SUM(H84:H88) -> 500 | I89: =SUM(I84:I88) -> 6500 | J89: =SUM(J84:J88) -> 3000 | K89: =SUM(K84:K88) -> 0 | L89: =SUM(L84:L88) -> 10000 | N89: =M84-L89 -> 7500 | P89: =SUM(P84:P88) -> 0
A90: 15 | B90: Qureshi Sarfaraz Nazem, Barkat Nagar, Parli vijnath, Dist. Beed 7796695571,7775897313 | C90: A-34 | D90: B.Pharm IV | E90: 02.08.2025 to 02.06.2026 | F90: 6949 | G90: 12.09.2025 | H90: 500 | I90: 1500 | J90: 3000 | L90: =SUM(H90:K90) -> 5000 | M90: 17500 | O90: Old Student
F91: 6950 | G91: 12.09.2025 | I91: 3000 | L91: =SUM(H91:K91) -> 3000 | O91: UPI
L92: =SUM(H92:K92) -> 0
L93: =SUM(H93:K93) -> 0
L94: =SUM(H94:K94) -> 0
H95: =SUM(H90:H94) -> 500 | I95: =SUM(I90:I94) -> 4500 | J95: =SUM(J90:J94) -> 3000 | K95: =SUM(K90:K94) -> 0 | L95: =SUM(L90:L94) -> 8000 | N95: =M90-L95 -> 9500 | P95: =SUM(P90:P94) -> 0
A96: 16 | B96: Patel Sahil Taleb, At. Sambhaji Nagar Pachora, Jalgaon, 7410545646, 9270497687 | C96: A-14 | D96: B.Pharm IV | E96: 02.07.2025 to 02.05.2026 | F96: 6987 | G96: 25.09.2025 | H96: 500 | I96: 6500 | J96: 3000 | L96: =SUM(H96:K96) -> 10000 | M96: 17500 | O96: Old Student
L97: =SUM(H97:K97) -> 0
L98: =SUM(H98:K98) -> 0
L99: =SUM(H99:K99) -> 0
L100: =SUM(H100:K100) -> 0
...

Sheet B.Pharm IV (B)
A1: Dr.Rafiq Zakaria Campus
A2: Maulana Azad Complex of Hostel
A3: Dr.Rafiq Zakaria Marg, Rauza Bagh, Aurangabad
A4: Individual Register (B.Pharm IVth Year) for the Academic Year 2025 - 2026 'C' Wing
A5: Sr.No | B5: Name of Student & Mobile | C5: Wing & Room | D5: Class | E5: Date of Joining | F5: Receipt No. | G5: Receipt Date | H5: Regi. Fee | I5: Room Rent | J5: Water & Electricity Charges | K5: Other Activity | L5: Total Fees Collection | M5: Approved Hostel Fees | N5: Outstanding Fee | O5: Remark | P5: Security Deposit
A6: 1 | B6: Shaikh Muzammil Faisal Umar Teachers colony Paratwada Achalpur Dist. Amravati 9028173992, 9552871992 | C6: C-32 | D6: B.Pharm IVYear | E6: 02.07.2025 to 02.05.2026 | F6: 6815 | G6: 19.07.2025 | H6: 500 | I6: 2500 | J6: 3000 | L6: =SUM(H6:K6) -> 6000 | M6: 14500
F7: 6973 | G7: 19.09.2025 | I7: 8500 | L7: =SUM(H7:K7) -> 8500
L8: =SUM(H8:K8) -> 0
L9: =SUM(H9:K9) -> 0
L10: =SUM(H10:K10) -> 0
F11: Total | H11: =SUM(H6:H10) -> 500 | I11: =SUM(I6:I10) -> 11000 | J11: =SUM(J6:J10) -> 3000 | K11: =SUM(K6:K10) -> 0 | L11: =SUM(L6:L10) -> 14500 | N11: =M6-L11 -> 0 | P11: =SUM(P6:P10) -> 0
A12: =A6+1 -> 2 | B12: Bhushan Ramkrushna Patil, At Post. Talnji, Tq Mantha Dist. Jalna, 7776040931 | C12: D-08 | D12: B.Pharm IV Year | E12: 15.09.2025 to 15.07.2026 | F12: 6894 | G12: 22.08.2025 | H12: 500 | I12: 4000 | J12: 3000 | L12: =SUM(H12:K12) -> 7500 | M12: 14500 | O12: Old Student
L13: =SUM(H13:K13) -> 0 | O13: UPI
L14: =SUM(H14:K14) -> 0
L15: =SUM(H15:K15) -> 0
L16: =SUM(H16:K16) -> 0
F17: Total | H17: =SUM(H12:H16) -> 500 | I17: =SUM(I12:I16) -> 4000 | J17: =SUM(J12:J16) -> 3000 | K17: =SUM(K12:K16) -> 0 | L17: =SUM(L12:L16) -> 7500 | N17: =M12-L17 -> 7000 | P17: =SUM(P12:P16) -> 0
A18: 3 | B18: Qureshi Ajaz Moin, At. Kalamnoori Dist. Hingoli, 9665819550 | C18: C-23 | D18: B.Pharm IV Year | E18: 02.08.2025 to 02.06.2026 | F18: 6895 | G18: 22.08.2025 | H18: 500 | I18: 3500 | J18: 3000 | L18: =SUM(H18:K18) -> 7000 | M18: 14500 | O18: Old Student
L19: =SUM(H19:K19) -> 0 | O19: UPI
L20: =SUM(H20:K20) -> 0
L21: =SUM(H21:K21) -> 0
L22: =SUM(H22:K22) -> 0
F23: Total | H23: =SUM(H18:H22) -> 500 | I23: =SUM(I18:I22) -> 3500 | J23: =SUM(J18:J22) -> 3000 | K23: =SUM(K18:K22) -> 0 | L23: =SUM(L18:L22) -> 7000 | N23: =M18-L23 -> 7500 | P23: =SUM(P18:P22) -> 0
A24: 4 | B24: Mohd Arfat L. Shivani, At. Habib Nagar Paratwada, Achalpur, dist Amrawati, 9822020782 | C24: C-34 | D24: B.Pharm IV Year | E24: 25.06.2025 to 25.04.2026 | F24: 6822 | G24: 03.09.2025 | H24: 500 | I24: 11000 | J24: 3000 | L24: =SUM(H24:K24) -> 14500 | M24: 14500 | O24: Old Student
L25: =SUM(H25:K25) -> 0 | O25: UPI
L26: =SUM(H26:K26) -> 0
L27: =SUM(H27:K27) -> 0
L28: =SUM(H28:K28) -> 0
F29: Total | H29: =SUM(H24:H28) -> 500 | I29: =SUM(I24:I28) -> 11000 | J29: =SUM(J24:J28) -> 3000 | K29: =SUM(K24:K28) -> 0 | L29: =SUM(L24:L28) -> 14500 | N29: =M24-L29 -> 0 | P29: =SUM(P24:P28) -> 0
A30: 5 | B30: Patil Kunal Jibhau Shriram 101 Nirman Shrusti Apt Uarse Raha Raigarh 7276883819, 9420810236 | C30: D-06 | D30: B.Pharm IV Year | E30: 02.09.2025 to 02.07.2026 | F30: 6972 | G30: 19.09.2025 | H30: 500 | I30: 6500 | J30: 3000 | L30: =SUM(H30:K30) -> 10000 | M30: 14500 | O30: Old Student
L31: =SUM(H31:K31) -> 0
L32: =SUM(H32:K32) -> 0
L33: =SUM(H33:K33) -> 0
L34: =SUM(H34:K34) -> 0
F35: Total | H35: =SUM(H30:H34) -> 500 | I35: =SUM(I30:I34) -> 6500 | J35: =SUM(J30:J34) -> 3000 | K35: =SUM(K30:K34) -> 0 | L35: =SUM(L30:L34) -> 10000 | N35: =M30-L35 -> 4500 | P35: =SUM(P30:P34) -> 0
A36: 6 | B36: Shaikh Moin Adam Namdarbhai At. Post. Ghogargaon Tq. Shrigonda Dist. Ahmednagar 9623395075, 9405830236 | C36: C-32 | D36: B.Pharm IV Year | E36: 02.09.2025 to 01.07.2026 | F36: 7000 | G36: 03.10.2025 | H36: 500 | I36: 11000 | J36: 3000 | L36: =SUM(H36:K36) -> 14500 | M36: 14500 | O36: Old Student
L37: =SUM(H37:K37) -> 0
L38: =SUM(H38:K38) -> 0
L39: =SUM(H39:K39) -> 0
L40: =SUM(H40:K40) -> 0
F41: Total | H41: =SUM(H36:H40) -> 500 | I41: =SUM(I36:I40) -> 11000 | J41: =SUM(J36:J40) -> 3000 | K41: =SUM(K36:K40) -> 0 | L41: =SUM(L36:L40) -> 14500 | N41: =M36-L41 -> 0 | P41: =SUM(P36:P40) -> 0
A42: 7 | L42: =SUM(H42:K42) -> 0
L43: =SUM(H43:K43) -> 0
L44: =SUM(H44:K44) -> 0
L45: =SUM(H45:K45) -> 0
L46: =SUM(H46:K46) -> 0
F47: Total | H47: =SUM(H42:H46) -> 0 | I47: =SUM(I42:I46) -> 0 | J47: =SUM(J42:J46) -> 0 | K47: =SUM(K42:K46) -> 0 | L47: =SUM(L42:L46) -> 0 | N47: =M42-L47 -> 0 | P47: =SUM(P42:P46) -> 0
A48: Total Fees Collection | H48: =+H23+H17+H11+H29+H35+H41+H47 -> 3000 | I48: =+I23+I17+I11+I29+I35+I41+I47 -> 47000 | J48: =+J23+J17+J11+J29+J35+J41+J47 -> 18000 | K48: =+K23+K17+K11+K29+K35+K41+K47 -> 0 | L48: =+L23+L17+L11+L29+L35+L41+L47 -> 68000 | M48: =+M42+M36+M30+M24+M18+M12+M6 -> 87000 | N48: =+N23+N17+N11+N29+N35+N41+N47 -> 19000 | P48: =+P23+P17+P11 -> 0

Sheet Summary
A1: Dr.Rafiq Zakaria Campus
A2: Maulana Azad Complex of Hostel
A3: Dr.Rafiq Zakaria Marg, Rauza Bagh, Aurangabad
A4: Summary of New Admission for 2025- 2026 Fees Collection
A6: Sr.No | B6: Name of Course | C6: Wing | D6: Admited Students | E6: Approved Fees | F6: Total Fees | G6: Fees Received | H6: Fees Outstanding
A7: 1 | B7: XI / XII / B.com / BBA /B.Sc / BCA | C7: General A | D7: 13 | E7: 17500 | F7: =+'Genera A'!M102 -> 210000 | G7: =+'Genera A'!L102 -> 135000 | H7: =+F7-G7 -> 75000
A8: 2 | B8: XI / XII / B.com / BBA /B.Sc / BCA | C8: General B | D8: 79 | E8: 14500 | F8: =+'Individual Register 2025-2026'!M498 -> 1125700 | G8: =+'Individual Register 2025-2026'!L498 -> 801000 | H8: =+F8-G8 -> 324700
A9: 3 | B9: D.Pharmacy | C9: A | D9: 0 | E9: 17500 | F9: =+'D.Pharm (A)'!M18 -> 0 | G9: =+'D.Pharm (A)'!L18 -> 0 | H9: =+F9-G9 -> 0
A10: 4 | B10: D.Pharmacy | C10: B | D10: 5 | E10: 14500 | F10: =+'D.Pharm (B)'!M54 -> 72500 | G10: =+'D.Pharm (B)'!L54 -> 45000 | H10: =+F10-G10 -> 27500
A11: 5 | B11: B.Pharm I Year | C11: A | D11: 6 | E11: 17500 | F11: =+'B.Pharm I'!M60 -> 122500 | G11: =+'B.Pharm I'!L60 -> 63500 | H11: =+F11-G11 -> 59000
A12: 6 | B12: B.Pharm I Year | C12: B | D12: 0 | E12: 14500 | F12: =+'B.Pharm I (B)'!M18 -> 0 | G12: =+'B.Pharm I (B)'!L18 -> 0 | H12: =+F12-G12 -> 0
A13: 7 | B13: B.Pharm II Year | C13: A | D13: 15 | E13: 17500 | F13: =+'B.Pharm II'!M114 -> 262500 | G13: =+'B.Pharm II'!L114 -> 180000 | H13: =+F13-G13 -> 82500
A14: 8 | B14: B.Pharm II Year | C14: B | D14: 3 | E14: 14500 | F14: =+'B.Pharm II (B)'!M49 -> 43500 | G14: =+'B.Pharm II (B)'!L49 -> 26000 | H14: =+F14-G14 -> 17500
A15: 9 | B15: B.Pharm III Year | C15: A | D15: 8 | E15: 17500 | F15: =+'B.Pharm III'!M109 -> 140000 | G15: =+'B.Pharm III'!L109 -> 94000 | H15: =+F15-G15 -> 46000
A16: 10 | B16: B.Pharm III Year | C16: B | D16: 3 | E16: 14500 | F16: =+'B.Pharm III (B)'!M60 -> 43500 | G16: =+'B.Pharm III (B)'!L60 -> 29500 | H16: =+'B.Pharm III (B)'!N60 -> 14000
A17: 11 | B17: B.Pharm IV Year | C17: A | D17: 19 | E17: 17500 | F17: =+'B.Pharm IV'!M127 -> 332500 | G17: =+'B.Pharm IV'!L127 -> 223000 | H17: =+F17-G17 -> 109500
A18: 12 | B18: B.Pharm IV Year | C18: B | D18: 6 | E18: 14500 | F18: =+'B.Pharm IV (B)'!M48 -> 87000 | G18: =+'B.Pharm IV (B)'!L48 -> 68000 | H18: =+F18-G18 -> 19000
A19: 13 | B19: M.Pharm I & II Year | C19: A | D19: 10 | E19: 17500 | F19: =+'M.Pharm I & II'!M79 -> 192500 | G19: =+'M.Pharm I & II'!L79 -> 101500 | H19: =+F19-G19 -> 91000
A20: 14 | B20: M.Pharm I & II Year | C20: B | D20: 2 | E20: 14500 | F20: =+'M.Pharm I & II (B)'!M42 -> 29000 | G20: =+'M.Pharm I & II (B)'!L42 -> 18000 | H20: =+F20-G20 -> 11000
A21: 15 | B21: B.Ed I & II Year | C21: A | D21: 1 | E21: 17500 | F21: =+'B.Ed I & II'!M36 -> 17500 | G21: =+'B.Ed I & II'!L36 -> 5000 | H21: =+F21-G21 -> 12500
A22: 16 | B22: B.Ed I & II Year | C22: B | D22: 16 | E22: 14500 | F22: =+'B.Ed I & II (B)'!M109 -> 232000 | G22: =+'B.Ed I & II (B)'!L109 -> 155500 | H22: =+F22-G22 -> 76500
A23: 17 | B23: M.Sc I & II Year | C23: A | D23: 1 | E23: 17500 | F23: =+'M.Sc I & II '!M30 -> 17500 | G23: =+'M.Sc I & II '!L30 -> 17500 | H23: =+F23-G23 -> 0
A24: 18 | B24: M.Sc I & II Year | C24: B | D24: 2 | E24: 14500 | F24: =+'M.Sc I & II (B)'!M30 -> 16000 | G24: =+'M.Sc I & II (B)'!L30 -> 7000 | H24: =+F24-G24 -> 9000
A25: 19 | B25: Temporary Admission | D25: 118 | E25: 0 | F25: =+'Temporary Adm'!J740 -> 121750 | G25: =+'Temporary Adm'!I740 -> 118450 | H25: =+F25-G25 -> 3300
A26: Total | D26: =SUM(D7:D25) -> 307 | F26: =SUM(F7:F25) -> 3065950 | G26: =SUM(G7:G25) -> 2087950 | H26: =SUM(H7:H25) -> 978000
D27: =+D26-D25 -> 189
G28: ₹ | H28: 2284950 | I28: 27.09.2025
B29: C | C29: 0 | E29: Y.B. | F29: =+D11+D12+D13+D14+D15+D16++D17+D18+D19+D20 -> 72
B30: D | C30: 0 | E30: MACA | F30: =+D7+D8+D23+D24 -> 95 | G30: ₹
B31: B | C31: 1 | E31: MCE | F31: =+D21+D22 -> 17
B32: A | C32: 0 | E32: KNPP | F32: =+D9+D10 -> 5
C33: =SUM(C29:C32) -> 1 | F33: =SUM(F29:F32) -> 189

Sheet M.Pharm I & II
A1: Dr.Rafiq Zakaria Campus
A2: Maulana Azad Complex of Hostel
A3: Dr.Rafiq Zakaria Marg, Rauza Bagh, Aurangabad
A4: Individual Register (M.Pharm I & II Year) for the Academic Year 2025 - 2026 'A' Wing
A5: Sr.No | B5: Name of Student & Mobile | C5: Wing & Room | D5: Class | E5: Date of Joining | F5: Receipt No. | G5: Receipt Date | H5: Regi. Fee | I5: Room Rent | J5: Water & Electricity Charges | K5: Other Activity | L5: Total Fees Collection | M5: Approved Hostel Fees | N5: Outstanding Fee | O5: Remark | P5: Security Deposit
A6: 1 | B6: Khatib M. Umair Azharuddin, Partur Dist. Jalna, 9309770313 | C6: A-21 | D6: M.Pharm II Year | E6: 01.07.2025 to 01.05.2026 | F6: 6744 | G6: 28.06.2025 | H6: 500 | I6: 6500 | J6: 3000 | L6: =SUM(H6:K6) -> 10000 | M6: 17500 | O6: Old Student
L7: =SUM(H7:K7) -> 0 | O7: UPI
L8: =SUM(H8:K8) -> 0
L9: =SUM(H9:K9) -> 0
L10: =SUM(H10:K10) -> 0
H11: =SUM(H6:H10) -> 500 | I11: =SUM(I6:I10) -> 6500 | J11: =SUM(J6:J10) -> 3000 | K11: =SUM(K6:K10) -> 0 | L11: =SUM(L6:L10) -> 10000 | N11: =M6-L11 -> 7500 | P11: =SUM(P6:P10) -> 0
A12: 2 | B12: Ansari yousha Ali Nasir, At. 51 Ansari Manzil Mehboob Compound RaushanBagh, Bhiwandi, 9021175730 | C12: A-21 | D12: M.Pharm II Year | E12: 01.07.2025 to 01.05.2026 | F12: 6745 | G12: 28.06.2025 | H12: 500 | I12: 6500 | J12: 3000 | L12: =SUM(H12:K12) -> 10000 | M12: 17500 | O12: Old Student
L13: =SUM(H13:K13) -> 0 | O13: UPI
L14: =SUM(H14:K14) -> 0
L15: =SUM(H15:K15) -> 0
L16: =SUM(H16:K16) -> 0
H17: =SUM(H12:H16) -> 500 | I17: =SUM(I12:I16) -> 6500 | J17: =SUM(J12:J16) -> 3000 | K17: =SUM(K12:K16) -> 0 | L17: =SUM(L12:L16) -> 10000 | M17: 17500 | N17: =M12-L17 -> 7500 | P17: =SUM(P12:P16) -> 0
A18: 3 | B18: Shaikh Muzammil Baba Siddarth Nager Ambajogai, Beed, 9552609917, 8446599689 | C18: A-20 | D18: M.Pharm II Year | E18: 17.08.2025 to 16.06.2026 | F18: 6979 | G18: 22.09.2025 | H18: 500 | I18: 14000 | J18: 3000 | L18: =SUM(H18:K18) -> 17500 | M18: 17500 | O18: Old Student
L19: =SUM(H19:K19) -> 0
L20: =SUM(H20:K20) -> 0
L21: =SUM(H21:K21) -> 0
L22: =SUM(H22:K22) -> 0
H23: =SUM(H18:H22) -> 500 | I23: =SUM(I18:I22) -> 14000 | J23: =SUM(J18:J22) -> 3000 | K23: =SUM(K18:K22) -> 0 | L23: =SUM(L18:L22) -> 17500 | N23: =M18-L23 -> 0 | P23: =SUM(P18:P22) -> 0
A24: 4 | B24: Mohammad Adnan Danish, at. Khaja Colony, Sai Nagar, Nanded, 8983555990, 7020439752 | C24: A-03 | D24: M.Pharm II Year | E24: 22.09.2025 to 22.07.2025 | F24: 7011 | G24: 07.10.2025 | H24: 500 | I24: 1500 | J24: 3000 | L24: =SUM(H24:K24) -> 5000 | M24: 17500 | O24: Old Student
L25: =SUM(H25:K25) -> 0
L26: =SUM(H26:K26) -> 0
L27: =SUM(H27:K27) -> 0
L28: =SUM(H28:K28) -> 0
H29: =SUM(H24:H28) -> 500 | I29: =SUM(I24:I28) -> 1500 | J29: =SUM(J24:J28) -> 3000 | K29: =SUM(K24:K28) -> 0 | L29: =SUM(L24:L28) -> 5000 | N29: =M24-L29 -> 12500 | P29: =SUM(P24:P28) -> 0
A30: 5 | B30: Syed Ahetashamoddin Syed Zainulabedin, at khidkipura Pimpalgaon Raja, tq Khamgaon, Buldhana, 7350750068,9145606160 | C30: A-17 | D30: M.Pharm II Year | E30: 01.09.2025 to 01.07.2026 | F30: 7022 | G30: 13.10.2025 | H30: 500 | I30: 4000 | L30: =SUM(H30:K30) -> 4500 | M30: 17500 | O30: Old Student
F31: 7034 | G31: 03.11.2025 | I31: 4500 | J31: 3000 | L31: =SUM(H31:K31) -> 7500
L32: =SUM(H32:K32) -> 0
L33: =SUM(H33:K33) -> 0
L34: =SUM(H34:K34) -> 0
H35: =SUM(H30:H34) -> 500 | I35: =SUM(I30:I34) -> 8500 | J35: =SUM(J30:J34) -> 3000 | K35: =SUM(K30:K34) -> 0 | L35: =SUM(L30:L34) -> 12000 | N35: =M30-L35 -> 5500 | P35: =SUM(P30:P34) -> 0
A36: 6 | B36: Khan Adnan Ejaz Khan, at Barkat nagar, Parli, Beed. 9529267100, 7796368686 | C36: A-17 | D36: M.Pharm II Year | E36: 08.10.2025 to 08.08.2026 | F36: 7024 | G36: 15.10.2025 | H36: 500 | I36: 3000 | L36: =SUM(H36:K36) -> 3500 | M36: 17500 | P36: 1500
L37: =SUM(H37:K37) -> 0
L38: =SUM(H38:K38) -> 0
L39: =SUM(H39:K39) -> 0
L40: =SUM(H40:K40) -> 0
H41: =SUM(H36:H40) -> 500 | I41: =SUM(I36:I40) -> 3000 | J41: =SUM(J36:J40) -> 0 | K41: =SUM(K36:K40) -> 0 | L41: =SUM(L36:L40) -> 3500 | N41: =M36-L41 -> 14000 | P41: =SUM(P36:P40) -> 1500
A42: 7 | B42: Ansari Md. Imran Md. Jameel, at. Gulzar Nagar, Pathri, Parbhani, 9511958343, 8805425971 | C42: A-30 | D42: M.Pharm I Year | F42: 7045 | G42: 06.11.2025 | H42: 500 | I42: 14000 | J42: 3000 | L42: =SUM(H42:K42) -> 17500 | M42: 17500 | P42: 1500
L43: =SUM(H43:K43) -> 0
L44: =SUM(H44:K44) -> 0
L45: =SUM(H45:K45) -> 0
L46: =SUM(H46:K46) -> 0
H47: =SUM(H42:H46) -> 500 | I47: =SUM(I42:I46) -> 14000 | J47: =SUM(J42:J46) -> 3000 | K47: =SUM(K42:K46) -> 0 | L47: =SUM(L42:L46) -> 17500 | N47: =M42-L47 -> 0 | P47: =SUM(P42:P46) -> 1500
A48: 8 | B48: Khan Rehan Ahmed Khan Nazeer Ahmed, at. Baba Colony Near Ali Masjid, Pathri, Parbhani, 7262954787, 9860598733 | C48: A-30 | D48: M.Pharm I Year | F48: 7046 | G48: 06.11.2025 | H48: 500 | I48: 5000 | J48: 3000 | L48: =SUM(H48:K48) -> 8500 | M48: 17500 | P48: 1500
L49: =SUM(H49:K49) -> 0
L50: =SUM(H50:K50) -> 0
L51: =SUM(H51:K51) -> 0
L52: =SUM(H52:K52) -> 0
H53: =SUM(H48:H52) -> 500 | I53: =SUM(I48:I52) -> 5000 | J53: =SUM(J48:J52) -> 3000 | K53: =SUM(K48:K52) -> 0 | L53: =SUM(L48:L52) -> 8500 | N53: =M48-L53 -> 9000 | P53: =SUM(P48:P52) -> 1500
A54: 9 | B54: Samid Abrar Ahemad Khan, at. Gandhi Nagar, Chikhli, Buldhana, 7066091604, 7020691530 | C54: A-30 | D54: M.Pharm I Year | F54: 7051 | G54: 08.11.2025 | H54: 500 | I54: 2000 | J54: 3000 | L54: =SUM(H54:K54) -> 5500 | M54: 17500 | P54: 1500
L55: =SUM(H55:K55) -> 0
L56: =SUM(H56:K56) -> 0
L57: =SUM(H57:K57) -> 0
L58: =SUM(H58:K58) -> 0
H59: =SUM(H54:H58) -> 500 | I59: =SUM(I54:I58) -> 2000 | J59: =SUM(J54:J58) -> 3000 | K59: =SUM(K54:K58) -> 0 | L59: =SUM(L54:L58) -> 5500 | N59: =M54-L59 -> 12000 | P59: =SUM(P54:P58) -> 1500
A60: 10 | B60: Shaikh Mohammad Zaid Sheru, At. Kamkheda, Dist. Beed, 7028464997 | C60: A-14 | D60: M.Pharm I Year | E60: 09.11.2025 to 09.09.2026 | F60: 7060 | G60: 10.11.2025 | H60: 500 | I60: 5000 | J60: 3000 | L60: =SUM(H60:K60) -> 8500 | M60: 17500 | P60: 1500
L61: =SUM(H61:K61) -> 0
L62: =SUM(H62:K62) -> 0
L63: =SUM(H63:K63) -> 0
L64: =SUM(H64:K64) -> 0
H65: =SUM(H60:H64) -> 500 | I65: =SUM(I60:I64) -> 5000 | J65: =SUM(J60:J64) -> 3000 | K65: =SUM(K60:K64) -> 0 | L65: =SUM(L60:L64) -> 8500 | N65: =M60-L65 -> 9000 | P65: =SUM(P60:P64) -> 1500
A66: 11 | B66: Ubed bin Saleh Baquttab, At. Bazar Road Usmanpura Jintur, Dist. Parbhani, 9359250219 | C66: A-34 | D66: M.Pharm I Year | E66: 13.11.2025 to 13.09.2026 | F66: 7083 | G66: 13.11.2025 | H66: 500 | I66: 3000 | L66: =SUM(H66:K66) -> 3500 | M66: 17500 | P66: 1500
L67: =SUM(H67:K67) -> 0
L68: =SUM(H68:K68) -> 0
L69: =SUM(H69:K69) -> 0
L70: =SUM(H70:K70) -> 0
H71: =SUM(H66:H70) -> 500 | I71: =SUM(I66:I70) -> 3000 | J71: =SUM(J66:J70) -> 0 | K71: =SUM(K66:K70) -> 0 | L71: =SUM(L66:L70) -> 3500 | N71: =M66-L71 -> 14000 | P71: =SUM(P66:P70) -> 1500
A72: 12 | L72: =SUM(H72:K72) -> 0
L73: =SUM(H73:K73) -> 0
L74: =SUM(H74:K74) -> 0
L75: =SUM(H75:K75) -> 0
L76: =SUM(H76:K76) -> 0
H77: =SUM(H72:H76) -> 0 | I77: =SUM(I72:I76) -> 0 | J77: =SUM(J72:J76) -> 0 | K77: =SUM(K72:K76) -> 0 | L77: =SUM(L72:L76) -> 0 | N77: =M72-L77 -> 0 | P77: =SUM(P72:P76) -> 0
A79: Total Fees Collection | H79: =+H53+H47+H41+H35+H29+H23+H17+H11+H59+H65+H71+H77 -> 5500 | I79: =+I53+I47+I41+I35+I29+I23+I17+I11+I59+I65+I71+I77 -> 69000 | J79: =+J53+J47+J41+J35+J29+J23+J17+J11+J59+J65+J71+J77 -> 27000 | K79: =+K53+K47+K41+K35+K29+K23+K17+K11+K59+K65+K71+K77 -> 0 | L79: =+L53+L47+L41+L35+L29+L23+L17+L11+L59+L65+L71+L77 -> 101500 | M79: =M48+M42+M36+M30+M24+M18+M12+M6+M54+M60+M66+M72 -> 192500 | N79: =+N53+N47+N41+N35+N29+N23+N17+N11+N59+N65+N71+N77 -> 91000 | P79: =+P53+P47+P41+P35+P29+P23+P17+P11+P59+P65+P71+P77 -> 9000
B104: g

Sheet M.Pharm I & II (B)
A1: Dr.Rafiq Zakaria Campus
A2: Maulana Azad Complex of Hostel
A3: Dr.Rafiq Zakaria Marg, Rauza Bagh, Aurangabad
A4: Individual Register (M.Pharm I & II Year) for the Academic Year 2025 - 2026 'B' Wing
A5: Sr.No | B5: Name of Student & Mobile | C5: Wing & Room | D5: Class | E5: Date of Joining | F5: Receipt No. | G5: Receipt Date | H5: Regi. Fee | I5: Room Rent | J5: Water & Electricity Charges | K5: Other Activity | L5: Total Fees Collection | M5: Approved Hostel Fees | N5: Outstanding Fee | O5: Remark | P5: Security Deposit
A6: 1 | B6: Dalvi Amit Purushottam, at.Dwarka Nagri, Akola, 8788356746, 9370400442 | C6: C-03 | D6: M.Pharm-I | E6: 01.06.2025 to 01.10.2026 | F6: 6718 | G6: 19.05.2025 | H6: 500 | I6: 1500 | J6: 3000 | L6: =SUM(H6:K6) -> 5000 | M6: 14500 | P6: 1500
F7: 6820 | G7: 22.07.2025 | I7: 9500 | L7: =SUM(H7:K7) -> 9500
L8: =SUM(H8:K8) -> 0
L9: =SUM(H9:K9) -> 0
L10: =SUM(H10:K10) -> 0
H11: =SUM(H6:H10) -> 500 | I11: =SUM(I6:I10) -> 11000 | J11: =SUM(J6:J10) -> 3000 | K11: =SUM(K6:K10) -> 0 | L11: =SUM(L6:L10) -> 14500 | N11: =+M6-L11 -> 0 | P11: =SUM(P6:P10) -> 1500
A12: 2 | B12: Suraj Gunvant Kokare, at. Pusda, Amravati, 9921350863, 7350184413 | C12: D-06 | D12: M.Pharm-I | F12: 7010 | G12: 06.10.2025 | H12: 500 | I12: 3000 | L12: =SUM(H12:K12) -> 3500 | M12: 14500 | P12: 1500
L13: =SUM(H13:K13) -> 0 | O13: UPI
L14: =SUM(H14:K14) -> 0
L15: =SUM(H15:K15) -> 0
L16: =SUM(H16:K16) -> 0
H17: =SUM(H12:H16) -> 500 | I17: =SUM(I12:I16) -> 3000 | J17: =SUM(J12:J16) -> 0 | K17: =SUM(K12:K16) -> 0 | L17: =SUM(L12:L16) -> 3500 | N17: =M12-L17 -> 11000 | P17: =SUM(P12:P16) -> 1500
A18: 3 | L18: =SUM(H18:K18) -> 0 | O18: Old Student
L19: =SUM(H19:K19) -> 0
L20: =SUM(H20:K20) -> 0
L21: =SUM(H21:K21) -> 0
L22: =SUM(H22:K22) -> 0
H23: =SUM(H18:H22) -> 0 | I23: =SUM(I18:I22) -> 0 | J23: =SUM(J18:J22) -> 0 | K23: =SUM(K18:K22) -> 0 | L23: =SUM(L18:L22) -> 0 | N23: =M18-L23 -> 0 | P23: =SUM(P18:P22) -> 0
L24: =SUM(H24:K24) -> 0
L25: =SUM(H25:K25) -> 0
L26: =SUM(H26:K26) -> 0
L27: =SUM(H27:K27) -> 0
L28: =SUM(H28:K28) -> 0
H29: =SUM(H24:H28) -> 0 | I29: =SUM(I24:I28) -> 0 | J29: =SUM(J24:J28) -> 0 | K29: =SUM(K24:K28) -> 0 | L29: =SUM(L24:L28) -> 0 | N29: =M24-L29 -> 0
L30: =SUM(H30:K30) -> 0
L31: =SUM(H31:K31) -> 0
L32: =SUM(H32:K32) -> 0
L33: =SUM(H33:K33) -> 0
L34: =SUM(H34:K34) -> 0
H35: =SUM(H30:H34) -> 0 | I35: =SUM(I30:I34) -> 0 | J35: =SUM(J30:J34) -> 0 | K35: =SUM(K30:K34) -> 0 | L35: =SUM(L30:L34) -> 0 | N35: =M30-L35 -> 0
L36: =SUM(H36:K36) -> 0
L37: =SUM(H37:K37) -> 0
L38: =SUM(H38:K38) -> 0
L39: =SUM(H39:K39) -> 0
L40: =SUM(H40:K40) -> 0
H41: =SUM(H36:H40) -> 0 | I41: =SUM(I36:I40) -> 0 | J41: =SUM(J36:J40) -> 0 | K41: =SUM(K36:K40) -> 0 | L41: =SUM(L36:L40) -> 0 | N41: =M36-L41 -> 0
A42: Total Fees Collection | H42: =+H23+H17+H11+H29+H35+H41 -> 1000 | I42: =+I23+I17+I11+I29+I35+I41 -> 14000 | J42: =+J23+J17+J11+J29+J35+J41 -> 3000 | K42: =+K23+K17+K11+K29+K35+K41 -> 0 | L42: =+L23+L17+L11+L29+L35+L41 -> 18000 | M42: =SUM(M6:M23)+M24+M30+M36 -> 29000 | N42: =+N23+N17+N11+N29+N35+N41 -> 11000 | P42: =+P23+P17+P11+P29+P35+P41 -> 3000
C48: B | D48: 1
C49: C | D49: 2
C50: D | D50: 3
D51: =+D50+D49+D48 -> 6

Sheet B.Ed I & II
A1: Dr.Rafiq Zakaria Campus
A2: Maulana Azad Complex of Hostel
A3: Dr.Rafiq Zakaria Marg, Rauza Bagh, Aurangabad
A4: Individual Register (B.ED I & II Year) for the Academic Year 2025 - 2026 'A' Wing
A5: Sr.No | B5: Name of Student & Mobile | C5: Wing & Room | D5: Class | E5: Date of Joining | F5: Receipt No. | G5: Receipt Date | H5: Regi. Fee | I5: Room Rent | J5: Water & Electricity Charges | K5: Other Activity | L5: Total Fees Collection | M5: Approved Hostel Fees | N5: Outstanding Fee | O5: Remark | P5: Security Deposit
A6: 1 | B6: Mohd. Usama Siddiqui, at. Haki Colony Dewalgaon Raja, Dist. Buldhana, 8180054260, 9860438925 | C6: A-07 | D6: B.ed II Year | E6: 01.10.2025 to 01.08.2026 | F6: 7068 | G6: 11.11.2025 | H6: 500 | I6: 1500 | J6: 3000 | L6: =SUM(H6:K6) -> 5000 | M6: 17500 | O6: Old Student
L7: =SUM(H7:K7) -> 0
L8: =SUM(H8:K8) -> 0
L9: =SUM(H9:K9) -> 0
L10: =SUM(H10:K10) -> 0
H11: =SUM(H6:H10) -> 500 | I11: =SUM(I6:I10) -> 1500 | J11: =SUM(J6:J10) -> 3000 | K11: =SUM(K6:K10) -> 0 | L11: =SUM(L6:L10) -> 5000 | N11: =M6-L11 -> 12500 | P11: =SUM(P6:P10) -> 0
L12: =SUM(H12:K12) -> 0
L13: =SUM(H13:K13) -> 0
L14: =SUM(H14:K14) -> 0
L15: =SUM(H15:K15) -> 0
L16: =SUM(H16:K16) -> 0
H17: =SUM(H12:H16) -> 0 | I17: =SUM(I12:I16) -> 0 | J17: =SUM(J12:J16) -> 0 | K17: =SUM(K12:K16) -> 0 | L17: =SUM(L12:L16) -> 0 | N17: =M12-L17 -> 0
L18: =SUM(H18:K18) -> 0
L19: =SUM(H19:K19) -> 0
L20: =SUM(H20:K20) -> 0
L21: =SUM(H21:K21) -> 0
L22: =SUM(H22:K22) -> 0
H23: =SUM(H18:H22) -> 0 | I23: =SUM(I18:I22) -> 0 | J23: =SUM(J18:J22) -> 0 | K23: =SUM(K18:K22) -> 0 | L23: =SUM(L18:L22) -> 0 | N23: =M18-L23 -> 0
L24: =SUM(H24:K24) -> 0
L25: =SUM(H25:K25) -> 0
L26: =SUM(H26:K26) -> 0
L27: =SUM(H27:K27) -> 0
L28: =SUM(H28:K28) -> 0
H29: =SUM(H24:H28) -> 0 | I29: =SUM(I24:I28) -> 0 | J29: =SUM(J24:J28) -> 0 | K29: =SUM(K24:K28) -> 0 | L29: =SUM(L24:L28) -> 0 | N29: =M24-L29 -> 0
L30: =SUM(H30:K30) -> 0
L31: =SUM(H31:K31) -> 0
L32: =SUM(H32:K32) -> 0
L33: =SUM(H33:K33) -> 0
L34: =SUM(H34:K34) -> 0
H35: =SUM(H30:H34) -> 0 | I35: =SUM(I30:I34) -> 0 | J35: =SUM(J30:J34) -> 0 | K35: =SUM(K30:K34) -> 0 | L35: =SUM(L30:L34) -> 0 | N35: =M30-L35 -> 0
A36: Total Fees Collection | H36: =+H35+H29+H23+H17+H11 -> 500 | I36: =+I35+I29+I23+I17+I11 -> 1500 | J36: =+J35+J29+J23+J17+J11 -> 3000 | K36: =+K35+K29+K23+K17+K11 -> 0 | L36: =+L35+L29+L23+L17+L11 -> 5000 | M36: =+M30+M24+M18+M12+M6 -> 17500 | N36: =+N35+N29+N23+N17+N11 -> 12500 | P36: =+P35+P29+P23+P17+P11 -> 0
A38: NOTE:

Sheet B.Ed I & II (B)
A1: Dr.Rafiq Zakaria Campus
A2: Maulana Azad Complex of Hostel
A3: Dr.Rafiq Zakaria Marg, Rauza Bagh, Aurangabad
A4: Individual Register (B.ED I & II Year) for the Academic Year 2025 - 2026 'B & C' Wing
A5: Sr.No | B5: Name of Student & Mobile | C5: Wing & Room | D5: Class | E5: Date of Joining | F5: Receipt No. | G5: Receipt Date | H5: Regi. Fee | I5: Room Rent | J5: Water & Electricity Charges | K5: Other Activity | L5: Total Fees Collection | M5: Approved Hostel Fees | N5: Outstanding Fee | O5: Remark | P5: Security Deposit
A6: 1 | B6: Shaikh Naved Shaikh Quasim, at. Tilak Nagar, Chikli Dist.Buldhana, 9595337725 | C6: C-22 | D6: B.ed.II | E6: 19.06.2025 to 19.04.2026 | F6: 6735 | G6: 19.06.2025 | H6: 500 | I6: 3000 | J6: 3000 | L6: =SUM(H6:K6) -> 6500 | M6: 14500 | P6: 1500
F7: 6936 | G7: 10.09.2025 | I7: 4000 | L7: =SUM(H7:K7) -> 4000
L8: =SUM(H8:K8) -> 0
L9: =SUM(H9:K9) -> 0
L10: =SUM(H10:K10) -> 0
H11: =SUM(H6:H10) -> 500 | I11: =SUM(I6:I10) -> 7000 | J11: =SUM(J6:J10) -> 3000 | K11: =SUM(K6:K10) -> 0 | L11: =SUM(L6:L10) -> 10500 | N11: =M6-L11 -> 4000 | P11: =SUM(P6:P10) -> 1500
A12: 2 | B12: Mohammed Sohel Mohd Hanif, at. Bilal Nagar Dongaon, Buldhana, 7385604253 | C12: C-26 | D12: B.ed II Year | E12: 11.07.2025 to 11.05.2026 | F12: 6804 | G12: 17.07.2025 | H12: 500 | I12: 3000 | L12: =SUM(H12:K12) -> 3500 | M12: 14500 | O12: UPI | P12: 1500
F13: 7012 | G13: 08.10.2025 | I13: 6500 | J13: 3000 | L13: =SUM(H13:K13) -> 9500
L14: =SUM(H14:K14) -> 0
L15: =SUM(H15:K15) -> 0
L16: =SUM(H16:K16) -> 0
H17: =SUM(H12:H16) -> 500 | I17: =SUM(I12:I16) -> 9500 | J17: =SUM(J12:J16) -> 3000 | K17: =SUM(K12:K16) -> 0 | L17: =SUM(L12:L16) -> 13000 | N17: =M12-L17 -> 1500 | P17: =SUM(P12:P16) -> 1500
A18: 3 | B18: Shaikh Zeeshan Shaikh Naser, at. Walti, Tq. Chikhli Dist. Buldhana, 9960605816, 8459981921 | C18: B-07 | D18: B.ed I Year | E18: 18.08.2025 to 18.06.2026 | F18: 6880 | G18: 18.08.2025 | H18: 500 | I18: 1000 | L18: =SUM(H18:K18) -> 1500 | M18: 14500 | P18: 1500
F19: 6998 | G19: 03.10.2025 | I19: 1000 | J19: 3000 | L19: =SUM(H19:K19) -> 4000
F20: 7027 | G20: 16.10.2025 | I20: 9000 | L20: =SUM(H20:K20) -> 9000
L21: =SUM(H21:K21) -> 0
L22: =SUM(H22:K22) -> 0
H23: =SUM(H18:H22) -> 500 | I23: =SUM(I18:I22) -> 11000 | J23: =SUM(J18:J22) -> 3000 | K23: =SUM(K18:K22) -> 0 | L23: =SUM(L18:L22) -> 14500 | N23: =M18-L23 -> 0 | P23: =SUM(P18:P22) -> 1500
A24: 4 | B24: Abdul Rahman Shaikh Mohammed, at. Indra Nagar, Dongaon, Tq. Mehkar Dist. Buldhana, 9850154578, 9763422576 | C24: C-26 | D24: B.ed I Year | E24: 20.07.2025 to 20.05.2026 | F24: 6812 | G24: 19.07.2025 | H24: 500 | I24: 3000 | L24: =SUM(H24:K24) -> 3500 | M24: 14500 | O24: UPI | P24: 1500
F25: 6980 | G25: 23.09.2025 | I25: 2000 | J25: 3000 | L25: =SUM(H25:K25) -> 5000
L26: =SUM(H26:K26) -> 0
L27: =SUM(H27:K27) -> 0
L28: =SUM(H28:K28) -> 0
H29: =SUM(H24:H28) -> 500 | I29: =SUM(I24:I28) -> 5000 | J29: =SUM(J24:J28) -> 3000 | K29: =SUM(K24:K28) -> 0 | L29: =SUM(L24:L28) -> 8500 | N29: =M24-L29 -> 6000 | P29: =SUM(P24:P28) -> 1500
A30: 5 | B30: Shaikh Sabir Shaikh Rauf, at. Laxmi Nagar,Dongaon, Tq. Mehkar Dist. Buldhana, 7219898104, | C30: C-26 | D30: B.ed II Year | E30: 23.08.2025 to 23.06.2026 | F30: 6897 | G30: 23.08.2025 | H30: 500 | I30: 1500 | J30: 3000 | L30: =SUM(H30:K30) -> 5000 | M30: 14500
L31: =SUM(H31:K31) -> 0
L32: =SUM(H32:K32) -> 0
L33: =SUM(H33:K33) -> 0
L34: =SUM(H34:K34) -> 0
H35: =SUM(H30:H34) -> 500 | I35: =SUM(I30:I34) -> 1500 | J35: =SUM(J30:J34) -> 3000 | K35: =SUM(K30:K34) -> 0 | L35: =SUM(L30:L34) -> 5000 | N35: =M30-L35 -> 9500 | P35: =SUM(P30:P34) -> 0
A36: 6 | B36: Ansari Abdul Musaddique, At. Hayat Colony , Pathri, Dist Parbhani, 7387064544 | C36: C-11 | D36: B.ed II Year | E36: 21.07.2025 to 21.05.2026 | F36: 6923 | G36: 04.09.2025 | H36: 500 | I36: 3500 | L36: =SUM(H36:K36) -> 4000 | M36: 14500 | O36: Old Student
L37: =SUM(H37:K37) -> 0
L38: =SUM(H38:K38) -> 0
L39: =SUM(H39:K39) -> 0
L40: =SUM(H40:K40) -> 0
H41: =SUM(H36:H40) -> 500 | I41: =SUM(I36:I40) -> 3500 | J41: =SUM(J36:J40) -> 0 | K41: =SUM(K36:K40) -> 0 | L41: =SUM(L36:L40) -> 4000 | N41: =M36-L41 -> 10500 | P41: =SUM(P36:P40) -> 0
A42: 7 | B42: Sk Umar Farque Sk Bismillah, At. Mukhtar Colony, Dhamangaon, Tq. Buldhana, 8975471370, 9075975397 | C42: C-15 | D42: B.ed II Year | E42: 11.08.2025 to 12.06.2026 | F42: 6924 | G42: 06.09.2025 | H42: 500 | I42: 6500 | J42: 3000 | L42: =SUM(H42:K42) -> 10000 | M42: 14500
L43: =SUM(H43:K43) -> 0
L44: =SUM(H44:K44) -> 0
L45: =SUM(H45:K45) -> 0
L46: =SUM(H46:K46) -> 0
H47: =SUM(H42:H46) -> 500 | I47: =SUM(I42:I46) -> 6500 | J47: =SUM(J42:J46) -> 3000 | K47: =SUM(K42:K46) -> 0 | L47: =SUM(L42:L46) -> 10000 | N47: =M42-L47 -> 4500 | P47: =SUM(P42:P46) -> 0
A48: 8 | B48: Faroqui Mohammed Aaquib Fahimoddin, at Malikpura Parli Vaijnath, Dist. Beed, 7219202520, 9730115191 | C48: C-33 | D48: B.ed I Year | E48: 07.09.2025 to 07.07.2026 | F48: 6926 | G48: 07.09.2025 | H48: 500 | I48: 11000 | J48: 3000 | L48: =SUM(H48:K48) -> 14500 | M48: 14500 | O48: UPI | P48: 1500
L49: =SUM(H49:K49) -> 0
L50: =SUM(H50:K50) -> 0
L51: =SUM(H51:K51) -> 0
L52: =SUM(H52:K52) -> 0
H53: =SUM(H48:H52) -> 500 | I53: =SUM(I48:I52) -> 11000 | J53: =SUM(J48:J52) -> 3000 | K53: =SUM(K48:K52) -> 0 | L53: =SUM(L48:L52) -> 14500 | N53: =M48-L53 -> 0 | P53: =SUM(P48:P52) -> 1500
A54: 9 | B54: Rehan Khan Talib Khan , at Lakhanwada Tq. Khamgaon, 8080163470, 9860054700 | C54: C-33 | D54: B.ed I Year | E54: 08.09.2025 to 08.07.2025 | F54: 6928 | G54: 08.09.2025 | H54: 500 | I54: 3500 | J54: 3000 | L54: =SUM(H54:K54) -> 7000 | M54: 14500 | P54: 1500
L55: =SUM(H55:K55) -> 0
L56: =SUM(H56:K56) -> 0
L57: =SUM(H57:K57) -> 0
L58: =SUM(H58:K58) -> 0
H59: =SUM(H54:H58) -> 500 | I59: =SUM(I54:I58) -> 3500 | J59: =SUM(J54:J58) -> 3000 | K59: =SUM(K54:K58) -> 0 | L59: =SUM(L54:L58) -> 7000 | N59: =M54-L59 -> 7500 | P59: =SUM(P54:P58) -> 1500
A60: 10 | B60: Shaikh Sameer Shaikh Shaukat, at Amardas Nagar, Risod Dist. Washim, 9325901826, 9527307796 | C60: D-01 | D60: B.ed I Year | E60: 11.09.2025 to 11.07.2026 | F60: 6943 | G60: 11.09.2025 | H60: 500 | I60: 3000 | J60: 3000 | L60: =SUM(H60:K60) -> 6500 | M60: 14500 | P60: 1500
L61: =SUM(H61:K61) -> 0
L62: =SUM(H62:K62) -> 0
L63: =SUM(H63:K63) -> 0
L64: =SUM(H64:K64) -> 0
H65: =SUM(H60:H64) -> 500 | I65: =SUM(I60:I64) -> 3000 | J65: =SUM(J60:J64) -> 3000 | K65: =SUM(K60:K64) -> 0 | L65: =SUM(L60:L64) -> 6500 | N65: =M60-L65 -> 8000 | P65: =SUM(P60:P64) -> 1500
A66: 11 | B66: Shaikh Mohammad Zaid Mohammad Zulfekhar, at Nitin Nagar Kannad, 9975634758, 9271212233 | C66: C-34 | D66: B.ed I Year | E66: 15.09.2025 to 15.07.2026 | F66: 6960 | G66: 15.09.2025 | H66: 500 | I66: 11000 | J66: 3000 | L66: =SUM(H66:K66) -> 14500 | M66: 14500 | O66: UPI | P66: 1500
L67: =SUM(H67:K67) -> 0
L68: =SUM(H68:K68) -> 0
L69: =SUM(H69:K69) -> 0
L70: =SUM(H70:K70) -> 0
H71: =SUM(H66:H70) -> 500 | I71: =SUM(I66:I70) -> 11000 | J71: =SUM(J66:J70) -> 3000 | K71: =SUM(K66:K70) -> 0 | L71: =SUM(L66:L70) -> 14500 | N71: =M66-L71 -> 0 | P71: =SUM(P66:P70) -> 1500
A72: 12 | B72: Sayyed Musaib Ayyub, at. Aakhirat nagar, Srirampur,Tq. Pusad, 87678121397, 9370377237 | C72: C-26 | D72: B.ed II Year | E72: 03.10.2025 to 03.08.2026 | F72: 6999 | G72: 03.10.2025 | H72: 500 | I72: 3000 | J72: 3000 | L72: =SUM(H72:K72) -> 6500 | M72: 14500 | P72: 1500
L73: =SUM(H73:K73) -> 0
L74: =SUM(H74:K74) -> 0
L75: =SUM(H75:K75) -> 0
L76: =SUM(H76:K76) -> 0
H77: =SUM(H72:H76) -> 500 | I77: =SUM(I72:I76) -> 3000 | J77: =SUM(J72:J76) -> 3000 | K77: =SUM(K72:K76) -> 0 | L77: =SUM(L72:L76) -> 6500 | N77: =M72-L77 -> 8000 | P77: =SUM(P72:P76) -> 1500
A78: 13 | B78: Mohammad Saad Shaikh Sajid, at. Qureshi Mohalla, Iqbal Chowk, Buldhana, 7350752429, 8875070178 | C78: C-15 | D78: B.ed I Year | E78: 04.10.2025 to 04.08.2026 | F78: 7003 | G78: 04.10.2025 | H78: 500 | I78: 11000 | J78: 3000 | L78: =SUM(H78:K78) -> 14500 | M78: 14500 | O78: UPI | P78: 1500
L79: =SUM(H79:K79) -> 0
L80: =SUM(H80:K80) -> 0
L81: =SUM(H81:K81) -> 0
L82: =SUM(H82:K82) -> 0
H83: =SUM(H78:H82) -> 500 | I83: =SUM(I78:I82) -> 11000 | J83: =SUM(J78:J82) -> 3000 | K83: =SUM(K78:K82) -> 0 | L83: =SUM(L78:L82) -> 14500 | N83: =M78-L83 -> 0 | P83: =SUM(P78:P82) -> 1500
A84: 14 | B84: Pathan Rizwan Ayyub Khan, at. Shhinsha Nagar Beed, 9309404540, 8767571781 | C84: C-13 | D84: B.ed I Year | E84: 04.11.2025 to 04.09.2026 | F84: 7039 | G84: 04.11.2025 | H84: 500 | I84: 11000 | J84: 3000 | L84: =SUM(H84:K84) -> 14500 | M84: 14500 | P84: 1500
L85: =SUM(H85:K85) -> 0
L86: =SUM(H86:K86) -> 0
L87: =SUM(H87:K87) -> 0
L88: =SUM(H88:K88) -> 0
H89: =SUM(H84:H88) -> 500 | I89: =SUM(I84:I88) -> 11000 | J89: =SUM(J84:J88) -> 3000 | K89: =SUM(K84:K88) -> 0 | L89: =SUM(L84:L88) -> 14500 | N89: =M84-L89 -> 0 | P89: =SUM(P84:P88) -> 1500
A90: 15 | B90: Sayyed Anaid sayyed Yasir, at. Jama Masjid Iqbal Chowk, Buldhana, 8624030503, 9860143672 | C90: C-15 | D90: B.ed I Year | E90: 06.11.2025 to 06.09.2026 | F90: 7050 | G90: 06.11.2025 | H90: 500 | I90: 5000 | J90: 3000 | L90: =SUM(H90:K90) -> 8500 | M90: 14500 | P90: 1500
L91: =SUM(H91:K91) -> 0
L92: =SUM(H92:K92) -> 0
L93: =SUM(H93:K93) -> 0
L94: =SUM(H94:K94) -> 0
H95: =SUM(H90:H94) -> 500 | I95: =SUM(I90:I94) -> 5000 | J95: =SUM(J90:J94) -> 3000 | K95: =SUM(K90:K94) -> 0 | L95: =SUM(L90:L94) -> 8500 | N95: =M90-L95 -> 6000 | P95: =SUM(P90:P94) -> 1500
A96: 16 | B96: Mohammad Faizan Ahemad Abdul Razzaque, at. Aman Colony, Deulgaon Raja, 9011426755, 9595287487 | C96: C-14 | D96: B.ed I Year | E96: 01.10.2025 to 01.08.2026 | F96: 7055 | G96: 09.11.2025 | H96: 500 | I96: 3000 | L96: =SUM(H96:K96) -> 3500 | M96: 14500 | P96: 1500
L97: =SUM(H97:K97) -> 0
L98: =SUM(H98:K98) -> 0
L99: =SUM(H99:K99) -> 0
L100: =SUM(H100:K100) -> 0
...

Sheet M.Sc I & II 
A1: Dr.Rafiq Zakaria Campus
A2: Maulana Azad Complex of Hostel
A3: Dr.Rafiq Zakaria Marg, Rauza Bagh, Aurangabad
A4: Individual Register (M.Sc I & II Year) for the Academic Year 2025 - 2026 'A' Wing
A5: Sr.No | B5: Name of Student & Mobile | C5: Wing & Room | D5: Class | E5: Date of Joining | F5: Receipt No. | G5: Receipt Date | H5: Regi. Fee | I5: Room Rent | J5: Water & Electricity | K5: Others Activity | L5: Total Fees Collection | M5: Approved Hostel Fees | N5: Outstanding Fee | O5: Remark | P5: Security Deposit
A6: 1 | B6: Pathan Maheboob Khan Atmeer colony Darghr Road Dist.Parbhani 9552397069, 8482933593 | C6: A-02 | D6: M.Sc. II Zool. HL | E6: 02.07.2025 to 02.05.2026 | F6: 6805 | G6: 17.07.2025 | H6: 500 | I6: 6500 | J6: 3000 | L6: =SUM(H6:K6) -> 10000 | M6: 17500 | O6: Old Student
F7: 6806 | G7: 17.07.2025 | I7: 7500 | L7: =SUM(H7:K7) -> 7500 | O7: UPI
L8: =SUM(H8:K8) -> 0
L9: =SUM(H9:K9) -> 0
L10: =SUM(H10:K10) -> 0
H11: =SUM(H6:H10) -> 500 | I11: =SUM(I6:I10) -> 14000 | J11: =SUM(J6:J10) -> 3000 | K11: =SUM(K6:K10) -> 0 | L11: =SUM(L6:L10) -> 17500 | N11: =M6-L11 -> 0
L12: =SUM(H12:K12) -> 0
L13: =SUM(H13:K13) -> 0
L14: =SUM(H14:K14) -> 0
L15: =SUM(H15:K15) -> 0
L16: =SUM(H16:K16) -> 0
H17: =SUM(H12:H16) -> 0 | I17: =SUM(I12:I16) -> 0 | J17: =SUM(J12:J16) -> 0 | K17: =SUM(K12:K16) -> 0 | L17: =SUM(L12:L16) -> 0 | N17: =M12-L17 -> 0
L18: =SUM(H18:K18) -> 0
L19: =SUM(H19:K19) -> 0
L20: =SUM(H20:K20) -> 0
L21: =SUM(H21:K21) -> 0
L22: =SUM(H22:K22) -> 0
F23: Total | H23: =SUM(H18:H22) -> 0 | I23: =SUM(I18:I22) -> 0 | J23: =SUM(J18:J22) -> 0 | K23: =SUM(K18:K22) -> 0 | L23: =SUM(L18:L22) -> 0 | N23: =M18-L23 -> 0 | P23: =SUM(P18:P22) -> 0
L24: =SUM(H24:K24) -> 0
L25: =SUM(H25:K25) -> 0
L26: =SUM(H26:K26) -> 0
L27: =SUM(H27:K27) -> 0
L28: =SUM(H28:K28) -> 0
F29: Total | H29: =SUM(H24:H28) -> 0 | I29: =SUM(I24:I28) -> 0 | J29: =SUM(J24:J28) -> 0 | K29: =SUM(K24:K28) -> 0 | L29: =SUM(L24:L28) -> 0 | N29: =M24-L29 -> 0 | P29: =SUM(P24:P28) -> 0
A30: Total Fees Collection | H30: =+H29+H23+H17+H11 -> 500 | I30: =+I29+I23+I17+I11 -> 14000 | J30: =+J29+J23+J17+J11 -> 3000 | K30: =+K29+K23+K17+K11 -> 0 | L30: =+L29+L23+L17+L11 -> 17500 | M30: =+M24+M18+M12+M6 -> 17500 | N30: =+N29+N23+N17+N11 -> 0 | P30: =+P29+P23+P17+P11 -> 0
A32: NOTE:

Sheet M.Sc I & II  (B)
A1: Dr.Rafiq Zakaria Campus
A2: Maulana Azad Complex of Hostel
A3: Dr.Rafiq Zakaria Marg, Rauza Bagh, Aurangabad
A4: Individual Register (M.Sc I & II Year) for the Academic Year 2025 - 2026 'B & C' Wing
A5: Sr.No | B5: Name of Student & Mobile | C5: Wing & Room | D5: Class | E5: Date of Joining | F5: Receipt No. | G5: Receipt Date | H5: Regi. Fee | I5: Room Rent | J5: Water & Electricity Charges | K5: Other Activity | L5: Total Fees Collection | M5: Approved Hostel Fees | N5: Outstanding Fee | O5: Remark | P5: Security Deposit
A6: 1 | B6: Ashish Prbhakar Sathe, at Lonar Dist. Buldhana, 9763784329, 9022504314 | C6: C-22 | D6: MSc. Micro.II | E6: 21.05.2025 to 21.03.2026 | F6: 6694 | G6: 09.06.2025 | H6: 500 | I6: 1000 | L6: =SUM(H6:K6) -> 1500 | M6: 1500 | P6: 1500
L7: =SUM(H7:K7) -> 0 | O7: Admission cancelled
L8: =SUM(H8:K8) -> 0 | O8: on 28.06.2025
L9: =SUM(H9:K9) -> 0
L10: =SUM(H10:K10) -> 0
H11: =SUM(H6:H10) -> 500 | I11: =SUM(I6:I10) -> 1000 | J11: =SUM(J6:J10) -> 0 | K11: =SUM(K6:K10) -> 0 | L11: =SUM(L6:L10) -> 1500 | N11: =M6-L11 -> 0
A12: 2 | B12: Zaheer Baghban Badruddin Baba nagar Shellal Raod Nideban, Udgir Dist. Latur 9130245277 | C12: B-01 | D12: MSc. Micro.I | E12: 11.11.2025 to 11.09.2026 | F12: 7063 | G12: 11.11.2025 | H12: 500 | I12: 2000 | J12: 3000 | L12: =SUM(H12:K12) -> 5500 | M12: 14500 | P12: 1500
L13: =SUM(H13:K13) -> 0
L14: =SUM(H14:K14) -> 0
L15: =SUM(H15:K15) -> 0
L16: =SUM(H16:K16) -> 0
H17: =SUM(H12:H16) -> 500 | I17: =SUM(I12:I16) -> 2000 | J17: =SUM(J12:J16) -> 3000 | K17: =SUM(K12:K16) -> 0 | L17: =SUM(L12:L16) -> 5500 | N17: =M12-L17 -> 9000
L18: =SUM(H18:K18) -> 0
L19: =SUM(H19:K19) -> 0
L20: =SUM(H20:K20) -> 0
L21: =SUM(H21:K21) -> 0
L22: =SUM(H22:K22) -> 0
H23: =SUM(H18:H22) -> 0 | I23: =SUM(I18:I22) -> 0 | J23: =SUM(J18:J22) -> 0 | K23: =SUM(K18:K22) -> 0 | L23: =SUM(L18:L22) -> 0 | N23: =M18-L23 -> 0
L24: =SUM(H24:K24) -> 0
L25: =SUM(H25:K25) -> 0
L26: =SUM(H26:K26) -> 0
L27: =SUM(H27:K27) -> 0
L28: =SUM(H28:K28) -> 0
H29: =SUM(H24:H28) -> 0 | I29: =SUM(I24:I28) -> 0 | J29: =SUM(J24:J28) -> 0 | K29: =SUM(K24:K28) -> 0 | L29: =SUM(L24:L28) -> 0 | N29: =M24-L29 -> 0
A30: Total Fees Collection | H30: =+H29+H23+H17+H11 -> 1000 | I30: =+I29+I23+I17+I11 -> 3000 | J30: =+J29+J23+J17+J11 -> 3000 | K30: =+K29+K23+K17+K11 -> 0 | L30: =+L29+L23+L17+L11 -> 7000 | M30: =+M24+M18+M12+M6 -> 16000 | N30: =+N29+N23+N17+N11 -> 9000 | P30: =+P29+P23+P17+P11 -> 0
A32: NOTE:
C35: B | D35: 0
C36: C | D36: 2
C37: D | D37: 1
D38: =+D37+D36+D35 -> 3

Sheet Temporary Adm
A1: Dr.Rafiq Zakaria Campus
A2: Maulana Azad Complex of Hostel
A3: Dr.Rafiq Zakaria Marg, Rauza Bagh, Aurangabad
A4: Individual Register (Temporary Students) for the Academic Year 2025 - 2026
A6: Sr.No | B6: Name of Student & Mobile | C6: Wing & Room | D6: Class | E6: Date of Joining | F6: Receipt No. | G6: Receipt Date | H6: Room Rent | I6: Total Fees Collection | J6: Approved Hostel Fees | K6: Outstanding Fee | L6: Remark | M6: UTR/Cash
A7: 1 | B7: Shaikh Aafak,9993143011 | C7: B-03 | D7: Exam | E7: 04.04.2025 to 04.05.2025 | F7: 6545 | G7: 05.04.2025 | H7: 1450 | I7: =SUM(H7:H7) -> 1450 | J7: 1450 | L7: 01 Month
I8: =SUM(H8:H8) -> 0 | L8: Temporary
I9: =SUM(H9:H9) -> 0 | L9: Admission
I10: =SUM(H10:H10) -> 0
I11: =SUM(H11:H11) -> 0
F12: Total | H12: =SUM(H7:H11) -> 1450 | I12: =SUM(I7:I11) -> 1450 | K12: =J7-I12 -> 0
A13: 2 | B13: Sayyad Sohel Rashid, 8788719654 | C13: C-17 | D13: Exam | E13: 04.04.2025 to 04.05.2025 | F13: 6546 | G13: 05.04.2025 | H13: 1450 | I13: =SUM(H13:H13) -> 1450 | J13: 1450 | L13: 01 Month
I14: =SUM(H14:H14) -> 0 | L14: Temporary
I15: =SUM(H15:H15) -> 0 | L15: Admission
I16: =SUM(H16:H16) -> 0
I17: =SUM(H17:H17) -> 0
F18: Total | H18: =SUM(H13:H17) -> 1450 | I18: =SUM(I13:I17) -> 1450 | K18: =J13-I18 -> 0
A19: 3 | B19: Sumer Gafar Pathan, Antarwali,Tembhi, Ghansawangi, Dist. Jalna, 7875464589, 9561625911,8080192276 | C19: C-29 | D19: Exam | E19: 14.01.2025 to 14.04.2025 | F19: 6618 | G19: 07.04.2025 | H19: 2000 | I19: =SUM(H19:H19) -> 2000 | J19: 2900 | L19: 02 Month
F20: 6716 | G20: 14.05.2025 | H20: 900 | I20: =SUM(H20:H20) -> 900 | L20: Temporary
I21: =SUM(H21:H21) -> 0 | L21: Admission
I22: =SUM(H22:H22) -> 0
I23: =SUM(H23:H23) -> 0
F24: Total | H24: =SUM(H19:H23) -> 2900 | I24: =SUM(I19:I23) -> 2900 | K24: =J19-I24 -> 0
A25: =1+A19 -> 4 | B25: Shubham Gore, 8850959694 | C25: C-11 | D25: Exam | E25: 01.01.2025 to 01.05.2025 | F25: 6620 | G25: 08.04.2025 | H25: 2000 | I25: =SUM(H25:H25) -> 2000 | J25: 5800 | L25: 04 Month
F26: 6677 | G26: 13.05.2025 | H26: 3800 | I26: =SUM(H26:H26) -> 3800 | L26: Temporary
I27: =SUM(H27:H27) -> 0 | L27: Admission
I28: =SUM(H28:H28) -> 0
I29: =SUM(H29:H29) -> 0
F30: Total | H30: =SUM(H25:H29) -> 5800 | I30: =SUM(I25:I29) -> 5800 | K30: =J25-I30 -> 0
A31: =1+A25 -> 5 | B31: Umaid Ahmed Khan, 8180869938 | C31: B-02 | D31: Exam | E31: 09.04.2025 to 09.05.2025 | F31: 6551 | G31: 09.04.2025 | H31: 1450 | I31: =SUM(H31:H31) -> 1450 | J31: 1450 | L31: 01 Month
I32: =SUM(H32:H32) -> 0 | L32: Temporary
I33: =SUM(H33:H33) -> 0 | L33: Admission
I34: =SUM(H34:H34) -> 0
I35: =SUM(H35:H35) -> 0
F36: Total | H36: =SUM(H31:H35) -> 1450 | I36: =SUM(I31:I35) -> 1450 | K36: =J31-I36 -> 0
A37: 6 | B37: Shaikh Aneesuddin Abdul Rabb Jafrabad, Dist.Jalna, 8149476454 | C37: C-26 | D37: Exam Study | E37: 09.04.2025 to 09.06.2025 | F37: 6623 | G37: 09.04.2025 | H37: 2800 | I37: =SUM(H37:H37) -> 2800 | J37: 2800 | L37: 02 Month
I38: =SUM(H38:H38) -> 0 | L38: Temporary
I39: =SUM(H39:H39) -> 0 | L39: Admission
I40: =SUM(H40:H40) -> 0
I41: =SUM(H41:H41) -> 0
F42: Total | H42: =SUM(H37:H41) -> 2800 | I42: =SUM(I37:I41) -> 2800 | K42: =J37-I42 -> 0
A43: 7 | B43: Abdul Rahman, 9850154578 | C43: C-26 | D43: Exam | E43: 21.04.2025 to 21.07.2025 | F43: 6649 | G43: 21.04.2025 | H43: 4200 | I43: =SUM(H43:H43) -> 4200 | J43: 4200 | L43: 03 Month
I44: =SUM(H44:H44) -> 0 | L44: Temporary
I45: =SUM(H45:H45) -> 0 | L45: Admission
I46: =SUM(H46:H46) -> 0
I47: =SUM(H47:H47) -> 0
F48: Total | H48: =SUM(H43:H47) -> 4200 | I48: =SUM(I43:I47) -> 4200 | K48: =J43-I48 -> 0
A49: =1+A43 -> 8 | B49: Sarang Vinayak, 8766921782 | C49: C-13 | D49: Exam | E49: 21.04.2025 to 23.04.2025 | F49: 6651 | G49: 21.04.2025 | H49: 300 | I49: =SUM(H49:H49) -> 300 | J49: 300 | L49: 03 Days
I50: =SUM(H50:H50) -> 0 | L50: Temporary
I51: =SUM(H51:H51) -> 0 | L51: Admission
I52: =SUM(H52:H52) -> 0
I53: =SUM(H53:H53) -> 0
F54: Total | H54: =SUM(H49:H53) -> 300 | I54: =SUM(I49:I53) -> 300 | K54: =J49-I54 -> 0
A55: =1+A49 -> 9 | B55: Ahtesham Faheem, 9146249860 | C55: C-18 | D55: Exam | E55: 23.04.2025 to 23.05.2025 | F55: 6657 | G55: 25.04.2025 | H55: 1450 | I55: =SUM(H55:H55) -> 1450 | J55: 1450 | L55: 01 Month
I56: =SUM(H56:H56) -> 0 | L56: Temporary
I57: =SUM(H57:H57) -> 0 | L57: Admission
I58: =SUM(H58:H58) -> 0
I59: =SUM(H59:H59) -> 0
F60: Total | H60: =SUM(H55:H59) -> 1450 | I60: =SUM(I55:I59) -> 1450 | K60: =J55-I60 -> 0
A61: =1+A55 -> 10 | B61: Ashish Prabhakar, 9763784329 | C61: C-22 | D61: Exam | E61: 10.04.2025 to 10.05.2025 | F61: 6556 | G61: 21.04.2025 | H61: 1450 | I61: =SUM(H61:H61) -> 1450 | J61: 1450 | L61: 01 Month
I62: =SUM(H62:H62) -> 0 | L62: Temporary
I63: =SUM(H63:H63) -> 0 | L63: Admission
I64: =SUM(H64:H64) -> 0
I65: =SUM(H65:H65) -> 0
F66: Total | H66: =SUM(H61:H65) -> 1450 | I66: =SUM(I61:I65) -> 1450 | K66: =J61-I66 -> 0
A67: 11 | B67: Sahil Yonus Shaikh, 9730606496 | C67: C-09 | D67: Exam | E67: 23.04.2025 to 23.05.2025 | F67: 6654 | G67: 23.04.2025 | H67: 1450 | I67: =SUM(H67:H67) -> 1450 | J67: 1450 | L67: 01 Month
I68: =SUM(H68:H68) -> 0 | L68: Temporary
I69: =SUM(H69:H69) -> 0 | L69: Admission
I70: =SUM(H70:H70) -> 0
I71: =SUM(H71:H71) -> 0
F72: Total | H72: =SUM(H67:H71) -> 1450 | I72: =SUM(I67:I71) -> 1450 | K72: =J67-I72 -> 0
A73: =1+A67 -> 12 | B73: Shaikh Rizwan, 9960736021 | C73: C-26 | D73: TET Exam | E73: 26.04.2025 to 26.05.2025 | F73: 6660 | G73: 26.04.2025 | H73: 1450 | I73: =SUM(H73:H73) -> 1450 | J73: 1450 | L73: 01 Month
I74: =SUM(H74:H74) -> 0 | L74: Temporary
I75: =SUM(H75:H75) -> 0 | L75: Admission
I76: =SUM(H76:H76) -> 0
I77: =SUM(H77:H77) -> 0
F78: Total | H78: =SUM(H73:H77) -> 1450 | I78: =SUM(I73:I77) -> 1450 | K78: =J73-I78 -> 0
A79: 13 | B79: Sameer Shaikh, 7057860996 | C79: C-26 | D79: B.Ed. Exam | E79: 28.04.2025 to 28.05.2025 | F79: 6662 | G79: 28.04.2025 | H79: 1450 | I79: =SUM(H79:H79) -> 1450 | J79: 1450 | L79: 01 Month
I80: =SUM(H80:H80) -> 0 | L80: Temporary
I81: =SUM(H81:H81) -> 0 | L81: Admission
I82: =SUM(H82:H82) -> 0
I83: =SUM(H83:H83) -> 0
F84: Total | H84: =SUM(H79:H83) -> 1450 | I84: =SUM(I79:I83) -> 1450 | K84: =J79-I84 -> 0
A85: =1+A79 -> 14 | B85: Shoeb Khan, 8956665278 | C85: C | D85: B.Ed. Exam | E85: 28.04.2025 to 07.05.2025 | F85: 6561 | G85: 29.04.2025 | H85: 1000 | I85: =SUM(H85:H85) -> 1000 | J85: 1000 | L85: 10 Days
I86: =SUM(H86:H86) -> 0 | L86: Temporary
I87: =SUM(H87:H87) -> 0 | L87: Admission
I88: =SUM(H88:H88) -> 0
I89: =SUM(H89:H89) -> 0
F90: Total | H90: =SUM(H85:H89) -> 1000 | I90: =SUM(I85:I89) -> 1000 | K90: =J85-I90 -> 0
A91: 15 | B91: 1) Shaikh Waseem, 8888167861 | C91: C-20 | D91: B.Ed. Exam | E91: 29.04.2025 | F91: 6562 | G91: 29.04.2025 | H91: 100 | I91: =SUM(H91:H91) -> 100 | J91: 100 | L91: 01 Day
I92: =SUM(H92:H92) -> 0 | L92: Temporary
I93: =SUM(H93:H93) -> 0 | L93: Admission
I94: =SUM(H94:H94) -> 0
I95: =SUM(H95:H95) -> 0
F96: Total | H96: =SUM(H91:H95) -> 100 | I96: =SUM(I91:I95) -> 100 | K96: =J91-I96 -> 0
A97: =1+A91 -> 16 | B97: Shaikh Kamran, 8888167861 | C97: C-20 | D97: B.Ed. Exam | E97: 29.04.2025 | F97: 6563 | G97: 29.04.2025 | H97: 100 | I97: =SUM(H97:H97) -> 100 | J97: 100 | L97: 01 Day
I98: =SUM(H98:H98) -> 0 | L98: Temporary
I99: =SUM(H99:H99) -> 0 | L99: Admission
I100: =SUM(H100:H100) -> 0
I101: =SUM(H101:H101) -> 0
...

Sheet Sheet1
A1: Dr.Rafiq Zakaria Campus
A2: Maulana Azad Complex of Hostel
A3: Dr.Rafiq Zakaria Marg, Rauza Bagh, Aurangabad
A4: Summary of New Admission for 2025- 2026 Fees Collection
A6: Sr.No | B6: Name of Course | C6: Wing | D6: Admited Students | E6: Approved Fees | F6: Total Fees | G6: Fees Received | H6: Fees Outstanding
A7: 1 | B7: XI / XII / B.com / BBA /B.Sc / BCA | C7: General A | D7: 0 | E7: 17500 | F7: =+'Genera A'!M102 -> 210000 | G7: =+'Genera A'!L102 -> 135000 | H7: =+F7-G7 -> 75000
A8: 2 | B8: XI / XII / B.com / BBA /B.Sc / BCA | C8: General B | D8: 1 | E8: 14500 | F8: =+'Individual Register 2025-2026'!M388 -> 0 | G8: =+'Individual Register 2025-2026'!L388 -> 0 | H8: =+'Individual Register 2025-2026'!N388 -> 0
A9: 3 | B9: D.Pharmacy | C9: A | D9: 0 | E9: 17500 | F9: =+'D.Pharm (A)'!M18 -> 0 | G9: =+'D.Pharm (A)'!L18 -> 0 | H9: =+F9-G9 -> 0
A10: 4 | B10: D.Pharmacy | C10: B | D10: 0 | E10: 14500 | F10: =+'D.Pharm (B)'!M54 -> 72500 | G10: =+'D.Pharm (B)'!L54 -> 45000 | H10: =+F10-G10 -> 27500
A11: 5 | B11: B.Pharm I Year | C11: A | D11: 0 | E11: 17500 | F11: =+'B.Pharm I'!M60 -> 122500 | G11: =+'B.Pharm I'!L60 -> 63500 | H11: =+F11-G11 -> 59000
A12: 6 | B12: B.Pharm I Year | C12: B | D12: 0 | E12: 14500 | F12: =+'B.Pharm I (B)'!M18 -> 0 | G12: =+'B.Pharm I (B)'!L18 -> 0 | H12: =+F12-G12 -> 0
A13: 7 | B13: B.Pharm II Year | C13: A | D13: 0 | E13: 17500 | F13: =+'B.Pharm II'!M114 -> 262500 | G13: =+'B.Pharm II'!L114 -> 180000 | H13: =+F13-G13 -> 82500
A14: 8 | B14: B.Pharm II Year | C14: B | D14: 0 | E14: 14500 | F14: =+'B.Pharm II (B)'!M49 -> 43500 | G14: =+'B.Pharm II (B)'!L49 -> 26000 | H14: =+F14-G14 -> 17500
A15: 9 | B15: B.Pharm III Year | C15: A | D15: 0 | E15: 17500 | F15: =+'B.Pharm III'!M109 -> 140000 | G15: =+'B.Pharm III'!L109 -> 94000 | H15: =+F15-G15 -> 46000
A16: 10 | B16: B.Pharm III Year | C16: B | D16: 0 | E16: 14500 | F16: =+'B.Pharm III (B)'!M60 -> 43500 | G16: =+'B.Pharm III (B)'!L60 -> 29500 | H16: =+'B.Pharm III (B)'!N60 -> 14000
A17: 11 | B17: B.Pharm IV Year | C17: A | D17: 0 | E17: 17500 | F17: =+'B.Pharm IV'!M127 -> 332500 | G17: =+'B.Pharm IV'!L127 -> 223000 | H17: =+F17-G17 -> 109500
A18: 12 | B18: B.Pharm IV Year | C18: B | D18: 0 | E18: 14500 | F18: =+'B.Pharm IV (B)'!M48 -> 87000 | G18: =+'B.Pharm IV (B)'!L48 -> 68000 | H18: =+F18-G18 -> 19000
A19: 13 | B19: M.Pharm I & II Year | C19: A | D19: 0 | E19: 17500 | F19: =+'M.Pharm I & II'!M79 -> 192500 | G19: =+'M.Pharm I & II'!L79 -> 101500 | H19: =+F19-G19 -> 91000
A20: 14 | B20: M.Pharm I & II Year | C20: B | D20: 0 | E20: 14500 | F20: =+'M.Pharm I & II (B)'!M42 -> 29000 | G20: =+'M.Pharm I & II (B)'!L42 -> 18000 | H20: =+F20-G20 -> 11000
A21: 15 | B21: B.Ed I & II Year | C21: A | D21: 0 | E21: 17500 | F21: =+'B.Ed I & II'!M36 -> 17500 | G21: =+'B.Ed I & II'!L36 -> 5000 | H21: =+F21-G21 -> 12500
A22: 16 | B22: B.Ed I & II Year | C22: B | D22: 0 | E22: 14500 | F22: =+'B.Ed I & II (B)'!M109 -> 232000 | G22: =+'B.Ed I & II (B)'!L109 -> 155500 | H22: =+F22-G22 -> 76500
A23: 17 | B23: M.Sc I & II Year | C23: A | D23: 0 | E23: 17500 | F23: =+'M.Sc I & II '!M30 -> 17500 | G23: =+'M.Sc I & II '!L30 -> 17500 | H23: =+F23-G23 -> 0
A24: 18 | B24: M.Sc I & II Year | C24: B | D24: 0 | E24: 14500 | F24: =+'M.Sc I & II (B)'!M30 -> 16000 | G24: =+'M.Sc I & II (B)'!L30 -> 7000 | H24: =+F24-G24 -> 9000
A25: 19 | B25: Temporary Admission | D25: 61 | E25: 0 | F25: =+'Temporary Adm'!J740 -> 121750 | G25: =+'Temporary Adm'!I740 -> 118450 | H25: =+F25-G25 -> 3300
A26: Total | D26: =SUM(D7:D25) -> 62 | F26: =SUM(F7:F25) -> 1940250 | G26: =SUM(G7:G25) -> 1286950 | H26: =SUM(H7:H25) -> 653300
A31: Fees Structure per Student | D31: Fees Collection Receivable for 2024-25 A | E31: Fees Collection Receivable for 2023-24 B | F31: Old Outstanding for 2022-2023 C | G31: Total Receivable A + B+C | H31: Fees Received During the Year 2024-2025 | I31: Fees Outstanding for 2024-25
A35: Total Fees Collection (a) | D35: =+F26 -> 1940250 | E35: 181500 | F35: 176800 | G35: =+D35+E35+F35 -> 2298550 | H35: =+G26 -> 1286950 | I35: =G35-H35 -> 1011600
A36: Development Fees (b) | D36: 0 | E36: 0 | F36: 0 | G36: 0 | H36: 0 | I36: 0
A37: Tuition Fees (a) - (b) | D37: =D35-D36 -> 1940250 | E37: =SUM(E35:E36) -> 181500 | F37: =SUM(F35:F36) -> 176800 | G37: =SUM(G35:G36) -> 2298550 | H37: =H35-H36 -> 1286950 | I37: =I35-I36 -> 1011600
A39: Total Fees Receivable for the year 2024-2025 ( A ) | E39: =+D37 -> 1940250
A41: Total Old outstanding fees for the Year 2023-2024 ( B ) | E41: =+E37 -> 181500
A43: Total Old outstanding fees for the Year 2022-2023 ( C) | E43: =+F35 -> 176800
A45: Total ( A ) + ( B ) + ( C ) for the Year 2024-2025 | E45: =+G37 -> 2298550
A47: Fees Received during the year 2024-2025 | E47: =+H37 -> 1286950
A49: Total Fees outstanding as on 31/03/2025 | E49: =E45-E47 -> 1011600

Sheet Sheet2
